Movie_ID,Title,Release_Year,Genre_Main,Genre_Sub,Country,Budget,Box_Office,IMDb_Rating,Rotten_Tomatoes,Vote_Count,Runtime,Studio
M0001,Dark Requiem: Rebirth,2006,Sci-Fi,Adventure,South Korea,234.79,487.85,6.8,51,202509,119,Paramount
M0002,Hidden Ascension,2020,Animation,Family,France,89.5,221.64,8.7,79,156798,92,Legendary Pictures
M0003,Crimson Covenant,2018,Fantasy,Romance,Canada,300.0,474.6,6.6,79,164413,125,20th Century Studios
M0004,Frozen Echo,2013,Comedy,Romance,France,35.87,59.72,6.7,69,48074,83,MGM
M0005,Broken Verdict,2013,Sci-Fi,Dystopian,USA,124.31,648.85,6.0,55,454300,142,20th Century Studios
M0006,Crimson Empire,2022,Thriller,Mystery,USA,73.89,61.65,6.8,60,26311,121,Lionsgate
M0007,Lost Kingdom,2006,Biography,War,USA,37.77,28.45,6.2,67,13806,125,Paramount
M0008,Broken Requiem,2018,Animation,Comedy,South Korea,267.07,851.67,7.0,72,560892,94,Lionsgate
M0009,Whispering Horizon,2009,Fantasy,Romance,India,96.91,190.89,7.6,68,197423,111,Lionsgate
M0010,Golden Odyssey,2006,Sci-Fi,Superhero,India,300.0,577.52,4.9,46,245719,129,20th Century Studios
M0011,Endless Horizon,2015,Thriller,Crime,Germany,31.51,84.2,6.7,57,125299,123,Sony Pictures
M0012,Broken Echo,2024,Horror,Mystery,USA,25.44,142.68,5.7,61,108836,81,20th Century Studios
M0013,Whispering Symphony,2019,Sci-Fi,Mystery,USA,154.85,1211.25,6.4,75,819515,126,A24
M0014,Iron Empire: Part II,2020,Comedy,Crime,China,58.59,39.44,6.2,70,15339,104,Legendary Pictures
M0015,Iron Harbor,2019,Animation,Family,Germany,140.88,363.37,6.7,67,114888,82,20th Century Studios
M0016,Last Requiem,2020,Horror,Slasher,USA,27.02,54.07,3.6,70,30129,103,Warner Bros
M0017,Broken Covenant,2015,Biography,History,USA,21.56,45.03,7.6,93,36652,132,Paramount
M0018,Burning Inferno: Awakening,2007,Thriller,Crime,USA,39.33,99.41,6.8,77,46610,105,Legendary Pictures
M0019,Whispering Inferno: Origins,2021,Action,Crime,UK,143.16,461.31,7.8,75,317793,131,Lionsgate
M0020,Endless Legacy: Revolution,2014,Animation,Family,France,113.7,672.62,5.1,45,139060,90,Legendary Pictures
M0021,Velvet Requiem,2015,Sci-Fi,Mystery,USA,109.54,199.29,6.3,71,79260,134,Warner Bros
M0022,Lost Promise,2012,Comedy,Crime,Canada,41.28,147.52,5.2,45,79398,110,Paramount
M0023,Broken Empire,2008,Sci-Fi,Adventure,China,189.63,465.67,7.1,64,208640,133,MGM
M0024,Frozen Shadow,2023,Fantasy,Fairy Tale,India,98.01,143.08,7.0,67,96887,135,Sony Pictures
M0025,Crimson Echo,2020,Fantasy,Mystery,USA,264.98,107.63,5.1,45,83404,163,Warner Bros
M0026,Silent Shadow: Rebirth,2017,Drama,Romance,USA,48.02,45.89,6.2,66,41089,122,Universal
M0027,Crimson Mirage: Rebirth,2013,Thriller,Crime,India,45.58,100.58,6.4,70,32713,124,MGM
M0028,Hidden Ascension: Origins,2021,Sci-Fi,Superhero,India,69.99,230.56,7.5,68,156209,118,Lionsgate
M0029,Shattered Empire: Rebirth,2015,Comedy,Family,USA,69.17,2291.27,6.4,62,1083071,94,Warner Bros
M0030,Whispering Promise,2013,Comedy,Crime,USA,37.93,49.32,7.7,90,22784,118,Warner Bros
M0031,Last Labyrinth,2014,Sci-Fi,Superhero,USA,242.57,120.41,6.9,78,100564,144,Sony Pictures
M0032,Wild Ascension: Origins,2009,Animation,Comedy,USA,149.17,94.56,5.5,55,33009,90,Lionsgate
M0033,Forgotten Ascension,2006,Biography,History,South Korea,65.86,176.28,8.5,86,91557,139,Sony Pictures
M0034,Velvet Promise,2016,Comedy,Family,Japan,51.0,67.75,6.3,64,45153,90,Sony Pictures
M0035,Shattered Journey: Rebirth,2022,Horror,Thriller,China,21.85,292.6,6.6,66,192240,103,Universal
M0036,Sacred Inferno,2006,Fantasy,Adventure,USA,103.41,135.73,6.3,57,88355,123,A24
M0037,Whispering Empire,2022,Fantasy,Adventure,Germany,198.08,216.03,6.3,70,216666,159,Warner Bros
M0038,Velvet Odyssey,2021,Sci-Fi,Dystopian,USA,195.8,256.19,5.6,58,276266,145,A24
M0039,Burning Empire,2010,Thriller,Psychological,Germany,75.46,127.14,5.2,50,67540,115,A24
M0040,Forgotten Echo,2017,Sci-Fi,Superhero,USA,136.31,462.52,6.1,56,224709,142,20th Century Studios
M0041,Iron Labyrinth,2008,Biography,War,China,36.5,49.47,6.3,33,18958,141,Paramount
M0042,Golden Ascension,2020,Biography,Sports,South Korea,16.78,4.2,7.3,73,6537,128,Lionsgate
M0043,Sacred Harbor,2019,Comedy,Crime,Japan,14.93,44.22,7.3,65,24370,102,Lionsgate
M0044,Rising Labyrinth,2012,Action,Adventure,Japan,97.09,242.28,7.7,90,290501,127,Universal
M0045,Crimson Horizon,2006,Comedy,Crime,India,36.63,162.43,5.9,60,301883,105,A24
M0046,Wild Legacy,2024,Animation,Family,Japan,230.29,715.49,7.8,76,625574,99,Paramount
M0047,Shattered Shadow,2013,Sci-Fi,Mystery,Canada,163.47,518.61,6.5,67,126109,141,Warner Bros
M0048,Rising Horizon,2022,Drama,Romance,India,50.96,49.1,6.0,59,28711,125,MGM
M0049,Golden Verdict,2018,Horror,Mystery,China,30.31,92.36,5.5,50,70336,98,20th Century Studios
M0050,Shattered Covenant,2020,Thriller,Psychological,China,36.85,48.91,6.4,50,36448,94,MGM
M0051,Golden Reckoning: Rebirth,2020,Comedy,Crime,USA,45.95,45.35,6.0,61,21943,119,20th Century Studios
M0052,Silent Echo,2008,Sci-Fi,Mystery,South Korea,83.62,119.69,6.7,76,24568,128,A24
M0053,Wild Covenant,2012,Comedy,Family,UK,19.67,27.43,5.5,52,16849,104,MGM
M0054,Burning Storm,2014,Drama,Family,USA,50.91,57.82,6.5,68,45174,101,Paramount
M0055,Crimson Requiem,2014,Thriller,Noir,Canada,53.2,96.86,7.7,72,56191,139,Paramount
M0056,Burning Shadow,2005,Fantasy,Fairy Tale,USA,61.92,141.07,5.5,39,91288,143,Disney
M0057,Whispering Ascension,2015,Comedy,Musical,USA,34.39,126.77,7.0,80,137456,111,Disney
M0058,Last Symphony,2008,Animation,Musical,China,46.76,128.63,6.3,38,66723,90,A24
M0059,Frozen Covenant: Rebirth,2019,Drama,Romance,USA,82.81,133.5,7.6,74,89251,123,Universal
M0060,Frozen Verdict,2018,Drama,Family,China,42.52,131.15,8.6,16,54432,129,Legendary Pictures
M0061,Crimson Ascension,2023,Drama,History,USA,37.01,111.63,7.9,81,97997,135,Sony Pictures
M0062,Hidden Inferno,2019,Drama,Romance,USA,60.93,1538.62,6.9,71,936616,87,MGM
M0063,Rising Shadow,2012,Horror,Supernatural,USA,3.51,7.85,6.2,65,4655,82,MGM
M0064,Sacred Odyssey,2024,Biography,War,South Korea,87.27,15.1,8.2,82,25772,136,Sony Pictures
M0065,Golden Reckoning: Origins,2013,Action,Superhero,China,157.84,286.86,6.4,36,144991,116,Paramount
M0066,Last Kingdom,2011,Horror,Slasher,USA,12.67,104.13,5.8,56,68108,94,MGM
M0067,Endless Kingdom,2023,Drama,Crime,China,50.82,58.11,6.3,71,25388,119,A24
M0068,Eternal Covenant,2012,Drama,History,UK,36.94,935.92,5.9,61,531465,127,Legendary Pictures
M0069,Sacred Empire,2006,Biography,Sports,France,41.06,22.94,7.6,74,20598,117,Legendary Pictures
M0070,Eternal Inferno,2014,Comedy,Romance,UK,86.49,467.76,7.1,70,344771,109,A24
M0071,Golden Promise,2020,Fantasy,Mystery,Germany,168.44,637.08,5.1,49,312706,137,A24
M0072,Crimson Verdict: Origins,2008,Comedy,Romance,India,50.74,98.34,6.3,68,75777,97,Legendary Pictures
M0073,Silent Requiem,2014,Animation,Family,China,150.61,298.51,8.2,79,111487,80,Warner Bros
M0074,Velvet Empire,2007,Action,War,UK,80.34,216.47,6.3,60,128042,136,Lionsgate
M0075,Whispering Legacy: Origins,2018,Fantasy,Romance,China,176.27,630.67,6.9,54,148208,140,Sony Pictures
M0076,Iron Mirage,2014,Drama,History,South Korea,32.27,51.27,8.1,89,28396,122,A24
M0077,Velvet Inferno,2011,Drama,Romance,Canada,36.7,42.14,7.2,36,38087,111,Lionsgate
M0078,Eternal Shadow,2009,Drama,Family,Japan,37.98,33.69,8.0,85,16040,118,20th Century Studios
M0079,Hidden Symphony: Revolution,2016,Action,War,India,108.42,264.13,7.0,63,95432,139,Disney
M0080,Last Covenant,2018,Biography,Sports,India,38.04,58.57,9.4,84,44332,146,Sony Pictures
M0081,Whispering Shadow,2023,Fantasy,Romance,Germany,203.83,689.86,6.8,31,345576,164,Lionsgate
M0082,Lost Journey,2013,Drama,History,India,51.6,58.32,7.1,64,68261,124,20th Century Studios
M0083,Lost Mirage,2008,Sci-Fi,Mystery,USA,136.85,306.64,5.6,54,108171,114,Disney
M0084,Golden Requiem,2021,Thriller,Psychological,France,65.56,176.08,8.7,83,129858,135,Universal
M0085,Wild Requiem,2017,Animation,Musical,China,127.05,615.15,7.1,71,195005,96,Paramount
M0086,Rising Empire,2019,Animation,Family,Canada,70.89,398.03,6.8,28,327076,102,A24
M0087,Velvet Horizon,2006,Animation,Family,India,111.71,247.44,8.0,91,182509,101,Legendary Pictures
M0088,Iron Promise: Origins,2011,Fantasy,Romance,France,226.98,1010.44,6.9,73,310506,147,Universal
M0089,Lost Odyssey: Revolution,2020,Action,Crime,South Korea,238.5,174.81,5.8,67,208961,146,Legendary Pictures
M0090,Lost Echo,2021,Action,War,China,157.16,191.69,6.3,64,200112,137,Disney
M0091,Frozen Covenant,2013,Biography,Drama,USA,31.62,49.77,6.5,68,24596,126,Sony Pictures
M0092,Lost Empire,2021,Comedy,Romance,India,46.58,66.38,5.8,70,44407,107,Warner Bros
M0093,Burning Echo: Part II,2021,Horror,Slasher,China,8.64,21.58,5.6,51,16670,117,Warner Bros
M0094,Last Ascension,2012,Sci-Fi,Dystopian,USA,280.89,782.88,6.5,65,774883,136,20th Century Studios
M0095,Last Mirage,2022,Comedy,Romance,Canada,18.61,14.91,5.5,55,15665,117,MGM
M0096,Golden Horizon: Origins,2010,Biography,History,India,29.02,59.78,8.2,83,41406,136,MGM
M0097,Endless Symphony,2009,Biography,Sports,USA,26.1,44.76,7.4,26,10541,142,Universal
M0098,Hidden Verdict: Part II,2018,Horror,Supernatural,USA,11.02,36.28,5.5,43,18297,80,Sony Pictures
M0099,Last Journey,2017,Drama,History,Japan,23.08,133.28,8.7,84,54385,117,A24
M0100,Golden Journey,2007,Horror,Supernatural,USA,6.74,30.03,5.0,49,13926,75,Lionsgate
M0101,Wild Echo,2021,Action,Superhero,South Korea,189.88,494.85,6.9,59,216773,146,Universal
M0102,Last Labyrinth: Origins,2008,Action,Superhero,USA,173.9,464.87,5.3,51,289602,134,Warner Bros
M0103,Sacred Journey,2021,Fantasy,Fairy Tale,India,152.79,627.57,7.3,71,801355,155,20th Century Studios
M0104,Eternal Empire: Origins,2005,Animation,Comedy,India,241.63,392.29,6.2,73,108122,82,Warner Bros
M0105,Lost Harbor,2020,Animation,Adventure,Japan,116.51,249.04,6.9,65,119196,94,Warner Bros
M0106,Broken Journey,2020,Biography,Sports,USA,29.28,58.21,7.6,82,39770,124,Warner Bros
M0107,Iron Symphony,2020,Action,Adventure,UK,126.21,48.39,5.3,41,22490,109,Sony Pictures
M0108,Hidden Requiem: Awakening,2018,Horror,Thriller,Canada,37.85,220.71,6.9,72,96101,108,A24
M0109,Rising Echo,2014,Horror,Thriller,UK,24.12,191.37,5.3,57,91101,103,Sony Pictures
M0110,Sacred Kingdom,2019,Thriller,Psychological,USA,34.27,40.95,6.4,66,31064,107,MGM
M0111,Endless Echo,2010,Sci-Fi,Superhero,France,193.26,681.18,7.8,87,650452,122,20th Century Studios
M0112,Eternal Kingdom: Part II,2020,Comedy,Crime,USA,39.96,70.05,6.1,58,47250,86,Sony Pictures
M0113,Hidden Covenant: Origins,2016,Thriller,Crime,Japan,26.37,87.26,7.6,70,43302,119,MGM
M0114,Forgotten Mirage,2014,Animation,Musical,Japan,95.71,518.1,7.0,82,414835,94,A24
M0115,Wild Reckoning,2015,Horror,Slasher,India,20.37,170.61,5.4,54,74500,96,Lionsgate
M0116,Silent Ascension: Revolution,2016,Thriller,Crime,USA,71.66,202.36,6.8,79,106209,133,Universal
M0117,Eternal Kingdom: Awakening,2005,Biography,Drama,UK,35.48,28.58,7.3,69,20091,141,Warner Bros
M0118,Frozen Empire,2007,Fantasy,Fairy Tale,China,105.7,443.5,4.6,31,218352,149,Disney
M0119,Endless Harbor: Rebirth,2009,Action,Crime,China,150.43,213.13,6.5,51,122493,140,MGM
M0120,Broken Odyssey,2007,Drama,History,USA,21.75,24.37,5.4,56,8335,126,20th Century Studios
M0121,Broken Mirage: Part II,2013,Thriller,Crime,UK,36.83,39.64,5.5,55,34589,89,A24
M0122,Burning Legacy,2018,Biography,Drama,USA,58.54,75.26,5.2,45,17222,143,Legendary Pictures
M0123,Whispering Inferno,2018,Sci-Fi,Dystopian,USA,154.54,261.07,7.2,67,200953,143,Paramount
M0124,Lost Labyrinth,2014,Animation,Comedy,UK,290.18,963.5,7.3,63,358635,114,Disney
M0125,Velvet Legacy,2022,Fantasy,Fairy Tale,South Korea,129.06,340.1,5.1,51,243140,158,20th Century Studios
M0126,Crimson Mirage,2016,Biography,History,USA,19.52,25.73,7.9,66,27382,115,Sony Pictures
M0127,Silent Kingdom,2006,Comedy,Crime,Japan,40.71,92.29,7.6,79,150506,108,Disney
M0128,Broken Harbor: Origins,2020,Horror,Mystery,USA,19.75,34.45,6.2,65,17679,93,Paramount
M0129,Golden Covenant: Revolution,2016,Comedy,Crime,Japan,131.63,2800.0,5.4,60,1186563,104,Paramount
M0130,Rising Mirage,2017,Drama,History,USA,43.79,38.79,7.5,88,24397,127,Universal
M0131,Shattered Inferno: Revolution,2016,Thriller,Noir,Germany,42.35,70.36,6.1,58,23839,126,Universal
M0132,Burning Odyssey,2016,Biography,War,India,58.81,68.22,7.6,68,76325,143,Legendary Pictures
M0133,Whispering Harbor: Rebirth,2006,Comedy,Romance,USA,55.52,48.03,6.7,70,28000,81,20th Century Studios
M0134,Endless Journey,2016,Comedy,Romance,India,54.85,166.22,6.2,64,168805,123,Legendary Pictures
M0135,Iron Harbor: Revolution,2020,Drama,Family,Japan,9.98,6.39,7.1,58,9667,124,Legendary Pictures
M0136,Iron Ascension,2011,Biography,History,India,21.71,32.49,6.5,61,17579,143,Disney
M0137,Frozen Covenant: Part II,2017,Action,Superhero,Germany,200.93,256.22,8.1,85,195239,132,Legendary Pictures
M0138,Wild Labyrinth: Origins,2005,Fantasy,Fairy Tale,China,58.33,231.78,6.1,60,90597,132,A24
M0139,Velvet Ascension: Rebirth,2011,Thriller,Crime,UK,64.52,134.92,6.9,68,66520,119,A24
M0140,Shattered Symphony,2013,Biography,Sports,USA,101.46,61.15,8.4,27,97478,116,Universal
M0141,Dark Kingdom,2024,Action,Adventure,USA,294.87,1767.03,6.5,64,1147254,135,MGM
M0142,Lost Reckoning,2009,Biography,War,UK,63.12,83.62,6.5,71,64072,135,Lionsgate
M0143,Crimson Requiem: Origins,2010,Sci-Fi,Mystery,Canada,209.09,472.48,5.7,51,262373,115,Lionsgate
M0144,Frozen Harbor,2013,Horror,Slasher,USA,17.91,77.63,3.3,24,37972,109,Legendary Pictures
M0145,Silent Verdict,2024,Thriller,Psychological,South Korea,73.86,1594.01,7.5,74,1200000,123,Sony Pictures
M0146,Shattered Requiem,2022,Animation,Family,France,298.77,931.37,6.5,63,513399,110,Universal
M0147,Burning Requiem,2005,Sci-Fi,Mystery,USA,108.82,521.22,6.4,80,484038,133,20th Century Studios
M0148,Wild Storm,2009,Thriller,Mystery,France,52.62,149.87,5.7,51,123801,118,A24
M0149,Burning Promise,2021,Animation,Adventure,USA,150.71,206.27,5.8,48,141906,82,Sony Pictures
M0150,Eternal Journey: Part II,2006,Thriller,Noir,USA,68.35,111.35,4.4,42,139366,109,MGM
M0151,Last Verdict,2022,Biography,War,Japan,23.51,25.77,8.7,91,22204,137,A24
M0152,Eternal Horizon,2010,Animation,Adventure,USA,133.41,664.22,6.3,69,369771,81,Legendary Pictures
M0153,Broken Harbor: Part II,2023,Fantasy,Fairy Tale,Japan,183.59,430.34,6.4,59,235481,134,A24
M0154,Frozen Requiem: Revolution,2010,Fantasy,Fairy Tale,Germany,76.97,223.87,5.4,59,97149,126,Universal
M0155,Last Promise: Awakening,2013,Sci-Fi,Superhero,USA,121.7,651.57,6.8,66,144671,142,Legendary Pictures
M0156,Sacred Ascension,2018,Drama,Family,USA,34.08,159.38,7.3,74,147084,128,20th Century Studios
M0157,Lost Storm,2007,Sci-Fi,Dystopian,Japan,56.09,58.41,6.7,62,30306,149,Universal
M0158,Frozen Mirage,2016,Drama,Romance,USA,13.92,12.24,4.9,47,8338,118,20th Century Studios
M0159,Velvet Echo,2015,Animation,Adventure,China,211.25,1442.37,6.9,54,887659,107,A24
M0160,Hidden Promise,2020,Thriller,Noir,USA,66.66,100.62,5.3,67,94610,106,MGM
M0161,Dark Covenant,2024,Horror,Mystery,South Korea,11.02,45.94,7.1,69,40407,112,MGM
M0162,Broken Reckoning,2018,Thriller,Psychological,Japan,53.03,222.36,6.1,49,172938,107,Sony Pictures
M0163,Wild Labyrinth,2013,Sci-Fi,Dystopian,USA,192.6,242.82,5.9,55,79728,132,Lionsgate
M0164,Eternal Empire,2013,Comedy,Musical,USA,32.71,49.08,6.7,72,28028,102,Legendary Pictures
M0165,Forgotten Shadow: Awakening,2013,Action,War,China,158.47,316.05,5.5,49,110036,124,Legendary Pictures
M0166,Crimson Labyrinth,2021,Action,Crime,USA,191.04,597.08,5.2,52,405271,133,Warner Bros
M0167,Iron Verdict,2011,Thriller,Mystery,South Korea,46.93,41.74,5.2,52,11285,125,Disney
M0168,Iron Legacy,2008,Biography,Drama,UK,38.2,81.89,7.2,76,45279,115,Universal
M0169,Eternal Journey,2011,Comedy,Musical,USA,19.91,12.77,6.8,61,5410,98,20th Century Studios
M0170,Dark Reckoning,2005,Thriller,Psychological,USA,21.21,31.11,5.7,59,21317,115,Paramount
M0171,Forgotten Requiem,2007,Comedy,Family,USA,41.31,171.82,5.1,51,150553,115,20th Century Studios
M0172,Silent Symphony,2006,Action,Adventure,USA,65.19,142.89,7.7,80,69135,131,MGM
M0173,Frozen Storm,2020,Sci-Fi,Dystopian,Germany,158.6,243.32,6.3,63,118337,140,MGM
M0174,Shattered Kingdom: Revolution,2019,Horror,Slasher,USA,27.06,705.9,4.3,60,502112,90,A24
M0175,Rising Storm,2018,Comedy,Crime,USA,49.68,173.42,7.0,71,43424,120,20th Century Studios
M0176,Crimson Odyssey: Part II,2014,Horror,Slasher,China,38.97,259.13,6.7,59,158057,87,20th Century Studios
M0177,Silent Horizon,2019,Action,Adventure,China,169.1,657.48,7.4,12,375111,147,Paramount
M0178,Hidden Shadow,2008,Comedy,Romance,USA,34.81,32.28,6.4,47,11311,109,Sony Pictures
M0179,Sacred Covenant,2023,Thriller,Mystery,USA,63.1,137.92,7.3,72,79547,111,MGM
M0180,Whispering Inferno: Part II,2015,Animation,Comedy,South Korea,230.52,1130.3,6.7,65,666743,81,Warner Bros
M0181,Crimson Empire: Revolution,2023,Fantasy,Adventure,China,76.73,356.48,6.5,82,219760,134,Lionsgate
M0182,Iron Kingdom,2008,Horror,Supernatural,USA,36.72,322.32,5.2,54,182459,94,Warner Bros
M0183,Eternal Echo,2014,Comedy,Romance,USA,32.46,68.44,4.6,47,41077,110,MGM
M0184,Lost Inferno: Revolution,2018,Biography,History,USA,20.16,48.17,7.6,71,19212,125,Paramount
M0185,Broken Storm: Rebirth,2014,Comedy,Musical,USA,28.02,47.22,7.0,66,25970,112,MGM
M0186,Whispering Odyssey,2013,Comedy,Crime,UK,48.52,97.66,6.7,64,35037,85,Warner Bros
M0187,Shattered Harbor,2008,Action,Adventure,UK,102.96,148.18,6.8,65,40416,158,Warner Bros
M0188,Broken Mirage,2012,Comedy,Family,USA,46.41,55.85,5.6,57,39791,76,Sony Pictures
M0189,Sacred Promise,2009,Animation,Musical,France,263.7,693.68,7.2,79,262399,95,Paramount
M0190,Frozen Inferno,2011,Comedy,Family,UK,14.83,42.3,5.9,52,21926,105,MGM
M0191,Lost Symphony,2018,Animation,Comedy,UK,109.58,589.84,5.9,66,256051,85,Lionsgate
M0192,Dark Labyrinth: Revolution,2017,Drama,Romance,India,80.78,239.87,7.3,66,150503,115,Lionsgate
M0193,Broken Shadow,2017,Horror,Slasher,France,20.75,115.98,5.8,56,61810,81,Lionsgate
M0194,Dark Shadow: Origins,2012,Biography,Drama,Japan,54.78,35.72,7.1,66,20723,127,Disney
M0195,Eternal Mirage,2024,Animation,Adventure,China,300.0,1710.16,5.9,64,756479,95,Lionsgate
M0196,Last Horizon,2006,Horror,Thriller,France,17.79,64.18,6.6,60,28227,85,20th Century Studios
M0197,Sacred Legacy: Awakening,2011,Sci-Fi,Mystery,Germany,118.93,545.0,7.0,82,182951,162,Paramount
M0198,Iron Shadow,2007,Comedy,Romance,South Korea,38.29,522.62,4.1,36,162213,88,Paramount
M0199,Velvet Labyrinth,2011,Thriller,Mystery,UK,44.23,44.3,7.0,64,24095,147,Paramount
M0200,Broken Kingdom,2024,Sci-Fi,Superhero,UK,210.82,374.25,8.0,87,141636,145,A24
M0201,Hidden Reckoning: Origins,2012,Animation,Comedy,USA,133.03,267.67,8.2,88,55965,100,20th Century Studios
M0202,Sacred Reckoning,2023,Fantasy,Romance,UK,108.82,489.62,7.4,82,343728,128,A24
M0203,Whispering Journey: Awakening,2014,Horror,Slasher,South Korea,30.09,72.38,5.8,60,22552,93,Lionsgate
M0204,Lost Reckoning: Awakening,2018,Horror,Mystery,France,18.01,91.16,5.7,39,61195,93,Sony Pictures
M0205,Forgotten Symphony,2014,Sci-Fi,Mystery,USA,201.47,487.5,6.2,62,318675,113,Disney
M0206,Dark Requiem,2010,Biography,Sports,France,34.49,43.54,8.1,67,31143,101,Universal
M0207,Golden Mirage,2020,Fantasy,Romance,USA,158.99,219.94,6.0,65,171991,157,20th Century Studios
M0208,Whispering Labyrinth: Awakening,2024,Horror,Supernatural,France,20.94,48.46,6.5,45,27120,109,Warner Bros
M0209,Crimson Requiem: Awakening,2010,Animation,Musical,USA,155.73,808.19,8.3,77,521662,95,Sony Pictures
M0210,Eternal Journey: Origins,2020,Action,Adventure,Germany,178.55,147.45,6.9,73,107964,137,Universal
M0211,Shattered Ascension,2010,Sci-Fi,Superhero,USA,133.07,721.05,5.7,53,496216,135,20th Century Studios
M0212,Last Shadow,2019,Sci-Fi,Adventure,USA,94.1,151.75,4.8,48,85672,126,Warner Bros
M0213,Hidden Covenant,2020,Drama,Family,UK,48.82,26.59,7.4,72,25596,131,Universal
M0214,Dark Promise,2013,Animation,Adventure,Germany,90.82,300.52,7.9,82,217699,82,MGM
M0215,Frozen Symphony,2019,Animation,Comedy,Japan,87.16,715.32,7.9,81,370992,104,Paramount
M0216,Shattered Inferno,2010,Thriller,Mystery,South Korea,62.43,93.35,6.5,71,43338,106,Sony Pictures
M0217,Silent Storm: Part II,2006,Sci-Fi,Adventure,Canada,78.23,108.31,4.9,55,103949,154,20th Century Studios
M0218,Eternal Storm: Part II,2006,Comedy,Crime,Japan,17.34,45.97,7.2,69,12175,102,Legendary Pictures
M0219,Shattered Requiem: Awakening,2013,Thriller,Mystery,Canada,55.93,63.09,6.5,54,61918,121,Universal
M0220,Silent Legacy,2023,Sci-Fi,Dystopian,Japan,140.74,265.84,4.7,45,94553,134,Disney
M0221,Rising Ascension,2007,Biography,Sports,USA,38.99,35.96,6.4,60,28277,136,Universal
M0222,Hidden Mirage: Part II,2014,Sci-Fi,Superhero,South Korea,155.72,597.91,5.5,55,262213,138,MGM
M0223,Eternal Legacy,2019,Sci-Fi,Mystery,South Korea,224.56,471.98,6.9,73,446622,104,Disney
M0224,Endless Requiem: Revolution,2009,Action,Superhero,USA,34.1,68.92,7.4,71,26752,112,Paramount
M0225,Wild Symphony,2019,Action,Superhero,USA,270.5,349.29,7.5,74,167570,121,A24
M0226,Shattered Kingdom: Awakening,2011,Drama,Family,China,18.66,43.03,7.8,66,19910,113,MGM
M0227,Crimson Kingdom,2021,Action,Crime,France,300.0,331.44,7.9,78,158747,122,Disney
M0228,Sacred Echo,2016,Sci-Fi,Adventure,Germany,120.54,186.89,6.6,57,98685,111,Legendary Pictures
M0229,Rising Promise,2015,Action,Superhero,Japan,69.31,148.7,5.7,51,94075,157,Universal
M0230,Dark Shadow,2008,Animation,Family,Canada,121.73,161.5,6.4,66,125841,84,Universal
M0231,Velvet Requiem: Origins,2014,Animation,Musical,UK,73.92,235.41,6.5,66,122712,92,Sony Pictures
M0232,Whispering Empire: Part II,2022,Fantasy,Adventure,South Korea,149.36,275.68,6.8,70,150699,145,20th Century Studios
M0233,Broken Horizon,2005,Fantasy,Adventure,USA,157.42,307.8,6.1,62,86302,158,Paramount
M0234,Hidden Harbor,2020,Animation,Musical,India,205.03,137.85,7.2,83,99646,108,Warner Bros
M0235,Crimson Verdict,2014,Comedy,Musical,USA,34.54,77.36,5.8,52,54375,101,Lionsgate
M0236,Endless Empire,2019,Animation,Comedy,China,100.54,272.1,5.8,61,185405,109,Legendary Pictures
M0237,Golden Legacy: Revolution,2018,Thriller,Crime,Canada,85.84,190.16,6.6,68,97449,115,20th Century Studios
M0238,Hidden Shadow: Rebirth,2013,Animation,Family,Germany,300.0,861.56,6.4,67,246374,102,Sony Pictures
M0239,Hidden Legacy: Origins,2011,Drama,Romance,India,48.89,69.73,6.3,71,26184,126,Paramount
M0240,Burning Reckoning,2017,Biography,History,South Korea,90.78,180.46,7.3,84,111865,130,20th Century Studios
M0241,Rising Legacy,2007,Horror,Mystery,USA,11.81,308.61,6.2,62,161991,84,Paramount
M0242,Sacred Harbor: Origins,2016,Biography,History,USA,38.67,27.84,6.0,64,22473,96,MGM
M0243,Velvet Mirage: Revolution,2006,Biography,Drama,Canada,24.92,54.04,6.9,73,32902,118,Lionsgate
M0244,Iron Requiem: Origins,2017,Fantasy,Fairy Tale,UK,208.42,473.0,7.2,66,389484,148,Sony Pictures
M0245,Broken Promise,2017,Animation,Family,Canada,183.03,1861.0,6.4,54,1200000,89,Universal
M0246,Dark Legacy,2006,Drama,Family,USA,32.22,45.18,6.2,68,42541,101,Warner Bros
M0247,Hidden Covenant: Part II,2020,Horror,Slasher,UK,78.69,245.6,6.3,60,122990,78,Lionsgate
M0248,Dark Legacy: Origins,2013,Drama,Romance,UK,18.96,14.34,8.7,89,9576,124,Warner Bros
M0249,Burning Kingdom: Part II,2020,Animation,Adventure,China,134.15,376.45,7.0,73,200474,100,Legendary Pictures
M0250,Golden Echo,2005,Comedy,Romance,USA,18.58,12.44,5.8,58,8106,85,MGM
M0251,Golden Harbor: Part II,2008,Comedy,Family,UK,39.08,25.73,5.2,55,10562,106,Lionsgate
M0252,Burning Harbor,2014,Sci-Fi,Superhero,India,177.3,832.89,7.2,71,331515,131,Lionsgate
M0253,Last Covenant: Rebirth,2008,Horror,Supernatural,USA,20.18,107.63,6.3,64,63080,103,Disney
M0254,Velvet Storm,2011,Animation,Adventure,USA,167.97,895.68,6.3,51,478805,117,Lionsgate
M0255,Velvet Harbor,2018,Sci-Fi,Adventure,UK,83.54,178.17,7.2,26,199019,132,Lionsgate
M0256,Wild Ascension,2007,Comedy,Romance,China,23.16,29.37,6.2,65,26656,107,Universal
M0257,Rising Empire: Awakening,2018,Horror,Slasher,USA,22.8,173.62,5.6,56,121005,100,Sony Pictures
M0258,Shattered Kingdom,2007,Drama,Crime,USA,37.52,67.59,7.2,67,38770,117,Sony Pictures
M0259,Crimson Odyssey,2008,Horror,Supernatural,USA,17.83,260.04,5.4,57,139726,106,Lionsgate
M0260,Forgotten Requiem: Awakening,2016,Sci-Fi,Superhero,South Korea,300.0,728.23,6.8,62,431583,133,Lionsgate
M0261,Shattered Mirage,2020,Action,War,South Korea,254.65,431.25,7.6,75,766208,132,Sony Pictures
M0262,Broken Journey: Part II,2008,Horror,Thriller,Canada,19.52,65.91,5.2,45,33766,105,A24
M0263,Silent Inferno,2010,Fantasy,Romance,India,133.96,321.19,7.0,64,184444,128,Paramount
M0264,Sacred Mirage,2023,Fantasy,Adventure,USA,222.0,836.3,5.7,62,400387,138,MGM
M0265,Velvet Journey,2024,Animation,Musical,UK,102.66,870.72,7.5,80,1200000,119,Legendary Pictures
M0266,Frozen Symphony: Rebirth,2016,Sci-Fi,Dystopian,USA,80.12,162.43,6.0,54,89808,125,Sony Pictures
M0267,Sacred Requiem,2013,Action,Superhero,Japan,86.07,305.29,6.5,69,216208,138,Universal
M0268,Frozen Legacy,2011,Animation,Comedy,South Korea,99.75,993.86,7.2,59,236522,86,Paramount
M0269,Rising Echo: Rebirth,2017,Thriller,Mystery,USA,54.83,107.3,5.9,73,94736,123,A24
M0270,Broken Inferno,2016,Drama,History,India,21.87,21.99,7.2,29,15579,98,20th Century Studios
M0271,Hidden Echo,2010,Thriller,Crime,Germany,46.29,74.83,5.6,52,47123,110,Lionsgate
M0272,Dark Labyrinth,2005,Fantasy,Mystery,Japan,144.41,545.4,6.1,58,315194,143,Disney
M0273,Forgotten Horizon,2008,Horror,Slasher,USA,13.45,96.59,6.6,75,38961,115,Legendary Pictures
M0274,Crimson Journey,2024,Animation,Adventure,South Korea,157.98,703.04,6.9,26,444302,87,20th Century Studios
M0275,Sacred Horizon: Rebirth,2013,Horror,Supernatural,China,13.16,74.2,5.1,44,50520,99,Universal
M0276,Whispering Verdict: Part II,2014,Animation,Family,France,164.82,1806.87,7.2,76,511652,87,Universal
M0277,Silent Journey,2014,Sci-Fi,Adventure,USA,300.0,532.66,5.6,56,198759,135,Warner Bros
M0278,Last Inferno: Rebirth,2020,Sci-Fi,Superhero,Japan,164.33,403.59,5.8,48,298011,151,Universal
M0279,Last Harbor,2006,Drama,Family,UK,19.48,651.72,6.6,65,195253,129,Lionsgate
M0280,Last Legacy,2006,Fantasy,Adventure,India,109.07,344.72,4.4,51,190287,124,Warner Bros
M0281,Lost Verdict,2010,Drama,Crime,India,32.13,80.81,7.7,4,51467,108,20th Century Studios
M0282,Burning Ascension,2014,Sci-Fi,Superhero,India,151.23,541.03,7.2,76,138183,134,Universal
M0283,Iron Covenant: Awakening,2018,Fantasy,Adventure,USA,124.56,447.14,5.5,59,273670,155,Disney
M0284,Endless Harbor,2014,Biography,History,Germany,9.6,6.83,8.9,7,9260,103,Universal
M0285,Whispering Verdict: Rebirth,2013,Animation,Comedy,China,124.75,780.31,7.2,76,522498,103,MGM
M0286,Shattered Reckoning,2023,Thriller,Psychological,India,171.66,647.15,5.0,54,633566,133,Universal
M0287,Burning Horizon: Awakening,2008,Comedy,Family,USA,31.49,109.09,6.8,86,50184,92,A24
M0288,Rising Reckoning,2016,Action,Adventure,India,139.06,346.9,5.7,38,232342,128,MGM
M0289,Frozen Reckoning,2015,Horror,Supernatural,South Korea,15.62,231.22,5.8,67,190452,100,Warner Bros
M0290,Forgotten Shadow,2014,Sci-Fi,Adventure,Germany,187.21,1045.71,6.5,69,466327,141,A24
M0291,Lost Covenant,2021,Comedy,Family,China,62.16,296.8,5.8,61,297364,123,Paramount
M0292,Hidden Harbor: Rebirth,2010,Thriller,Mystery,Canada,46.24,1068.56,6.7,52,532318,130,Disney
M0293,Shattered Storm,2024,Sci-Fi,Dystopian,Japan,300.0,648.26,5.2,54,326951,141,MGM
M0294,Whispering Symphony: Revolution,2011,Biography,Sports,China,36.77,185.6,8.0,87,189394,135,Universal
M0295,Dark Horizon,2015,Drama,Crime,Germany,29.84,17.35,7.0,76,12400,108,Universal
M0296,Crimson Journey: Revolution,2015,Action,Superhero,USA,114.27,756.73,7.1,76,391901,140,Disney
M0297,Frozen Requiem,2021,Action,War,India,194.11,232.89,4.6,47,245753,140,Warner Bros
M0298,Wild Harbor,2013,Comedy,Musical,Canada,88.02,416.83,5.2,49,618974,110,20th Century Studios
M0299,Golden Kingdom: Origins,2010,Animation,Adventure,USA,223.85,1322.22,6.7,61,387955,107,Universal
M0300,Whispering Mirage: Origins,2005,Action,War,China,107.79,62.67,7.9,76,43093,99,Universal
M0301,Whispering Horizon: Origins,2012,Thriller,Mystery,Canada,35.34,67.87,6.2,60,23362,123,Legendary Pictures
M0302,Frozen Horizon,2021,Horror,Thriller,Germany,17.59,96.73,5.3,42,107675,108,MGM
M0303,Whispering Reckoning: Part II,2005,Biography,War,China,29.4,12.13,7.9,67,5633,126,Sony Pictures
M0304,Dark Echo,2022,Animation,Adventure,Germany,89.6,261.04,6.8,64,142582,111,Lionsgate
M0305,Sacred Shadow,2015,Fantasy,Adventure,China,222.28,73.73,5.8,52,54951,123,20th Century Studios
M0306,Silent Inferno: Rebirth,2007,Sci-Fi,Adventure,South Korea,117.48,86.65,6.0,54,24809,152,Warner Bros
M0307,Wild Horizon,2011,Fantasy,Fairy Tale,India,67.86,299.04,7.6,70,205991,133,Legendary Pictures
M0308,Endless Kingdom: Rebirth,2016,Thriller,Mystery,USA,18.67,15.02,6.1,71,12366,110,Disney
M0309,Whispering Echo,2011,Drama,Family,USA,49.14,210.64,6.7,67,63884,140,MGM
M0310,Rising Inferno,2007,Sci-Fi,Superhero,USA,218.81,317.59,6.6,64,106499,122,MGM
M0311,Dark Storm,2018,Drama,Family,France,39.35,111.51,7.1,71,50534,128,20th Century Studios
M0312,Broken Storm,2018,Fantasy,Mystery,Germany,213.29,936.54,8.6,83,688246,139,A24
M0313,Whispering Reckoning,2007,Fantasy,Romance,USA,168.57,297.99,6.1,64,126448,129,Warner Bros
M0314,Eternal Covenant: Revolution,2010,Fantasy,Mystery,UK,131.7,536.34,5.9,46,161631,118,MGM
M0315,Forgotten Odyssey,2009,Fantasy,Fairy Tale,Canada,68.23,152.83,5.4,40,71140,131,Disney
M0316,Golden Storm,2018,Biography,War,China,75.61,153.44,7.3,70,113259,123,A24
M0317,Shattered Odyssey,2019,Fantasy,Fairy Tale,Japan,203.16,383.28,6.4,50,312027,148,20th Century Studios
M0318,Golden Symphony: Rebirth,2019,Biography,War,India,37.56,138.31,6.6,67,88302,129,MGM
M0319,Hidden Ascension: Part II,2023,Biography,History,Japan,43.88,73.84,8.0,90,76927,131,Lionsgate
M0320,Frozen Echo: Revolution,2020,Fantasy,Romance,USA,116.31,44.32,5.8,65,31919,172,Legendary Pictures
M0321,Golden Legacy,2011,Horror,Slasher,USA,6.6,25.96,6.8,72,26717,98,Lionsgate
M0322,Endless Ascension,2007,Biography,War,France,39.55,83.97,8.1,91,68456,127,Warner Bros
M0323,Eternal Verdict,2017,Sci-Fi,Mystery,China,153.98,340.82,8.0,81,210673,148,MGM
M0324,Golden Inferno,2023,Action,Superhero,France,141.93,517.33,7.7,81,293737,116,20th Century Studios
M0325,Last Odyssey: Rebirth,2024,Sci-Fi,Superhero,France,300.0,914.57,5.0,63,527508,150,Legendary Pictures
M0326,Sacred Symphony,2009,Biography,War,UK,28.43,59.1,6.8,76,39788,131,Universal
M0327,Lost Legacy: Revolution,2009,Thriller,Psychological,USA,47.83,77.13,7.2,66,58626,93,Legendary Pictures
M0328,Velvet Ascension: Origins,2005,Comedy,Crime,India,46.5,106.41,6.3,34,55692,109,MGM
M0329,Shattered Verdict: Part II,2007,Animation,Comedy,USA,85.13,229.45,8.7,75,60170,102,Disney
M0330,Forgotten Odyssey: Part II,2016,Biography,Drama,Japan,38.0,42.91,5.5,58,13195,123,Universal
M0331,Forgotten Covenant,2015,Sci-Fi,Superhero,South Korea,246.58,1452.82,7.8,80,1200000,138,Legendary Pictures
M0332,Golden Reckoning,2012,Action,War,USA,300.0,1553.28,5.7,58,350014,137,Legendary Pictures
M0333,Iron Horizon,2011,Drama,History,Canada,36.44,169.73,7.7,88,93908,120,MGM
M0334,Sacred Promise: Rebirth,2021,Drama,Romance,UK,43.93,32.96,6.4,73,17540,139,Paramount
M0335,Forgotten Empire,2014,Horror,Supernatural,UK,29.45,155.43,6.1,64,97287,108,MGM
M0336,Burning Verdict: Revolution,2021,Drama,Family,USA,69.79,91.93,7.7,16,79197,149,Paramount
M0337,Endless Storm,2024,Action,Superhero,UK,259.67,428.49,5.8,67,127523,141,20th Century Studios
M0338,Endless Covenant,2011,Fantasy,Adventure,France,207.1,399.24,7.6,75,334617,143,Lionsgate
M0339,Burning Ascension: Origins,2009,Action,Adventure,Japan,89.74,150.22,6.3,69,42868,114,Lionsgate
M0340,Sacred Symphony: Rebirth,2024,Biography,War,USA,68.23,81.89,7.0,57,61646,123,Universal
M0341,Burning Journey,2017,Horror,Mystery,USA,31.01,123.35,7.2,67,148571,90,A24
M0342,Golden Mirage: Part II,2010,Action,Superhero,USA,151.78,323.91,6.4,73,122547,148,Universal
M0343,Broken Echo: Rebirth,2017,Biography,Drama,France,40.03,59.88,6.5,64,66140,128,Legendary Pictures
M0344,Iron Odyssey,2015,Biography,Sports,Japan,67.15,78.32,7.1,76,65361,120,Sony Pictures
M0345,Forgotten Legacy,2023,Comedy,Family,USA,51.81,83.28,5.2,62,119236,107,Disney
M0346,Golden Verdict: Awakening,2010,Sci-Fi,Adventure,Canada,118.65,355.12,8.5,78,308782,112,A24
M0347,Wild Promise,2024,Drama,Family,USA,27.06,51.34,6.7,35,37799,113,Sony Pictures
M0348,Whispering Journey,2023,Horror,Supernatural,France,28.28,111.47,5.2,50,67918,84,Universal
M0349,Burning Inferno,2008,Horror,Thriller,India,17.25,68.33,5.6,56,53199,86,A24
M0350,Sacred Labyrinth: Part II,2008,Comedy,Crime,France,72.8,111.68,6.4,62,117463,106,Disney
M0351,Dark Symphony,2015,Comedy,Family,China,57.2,53.03,6.4,72,54152,102,MGM
M0352,Crimson Reckoning: Part II,2005,Fantasy,Romance,USA,80.63,84.4,6.5,21,77035,135,A24
M0353,Lost Requiem,2010,Drama,Crime,USA,12.17,9.39,6.3,63,12281,113,A24
M0354,Silent Shadow,2013,Fantasy,Adventure,USA,209.57,708.72,6.5,68,510761,132,Lionsgate
M0355,Forgotten Inferno,2024,Animation,Musical,India,95.19,639.56,8.0,82,461459,102,A24
M0356,Rising Horizon: Origins,2024,Drama,Crime,USA,10.83,24.15,7.1,71,19998,133,Disney
M0357,Broken Empire: Part II,2008,Sci-Fi,Dystopian,India,84.83,195.42,6.6,66,157453,135,Disney
M0358,Silent Labyrinth,2022,Biography,History,USA,27.79,40.42,8.4,72,25165,133,Universal
M0359,Whispering Mirage,2006,Fantasy,Mystery,Germany,95.89,137.55,6.3,75,45650,123,A24
M0360,Silent Odyssey,2019,Horror,Supernatural,Germany,11.86,170.84,5.4,54,76189,94,MGM
M0361,Burning Reckoning: Origins,2021,Fantasy,Adventure,Japan,146.45,955.96,7.6,70,387204,154,20th Century Studios
M0362,Crimson Symphony: Rebirth,2022,Biography,War,Japan,20.37,45.18,8.3,90,32885,125,Warner Bros
M0363,Velvet Echo: Rebirth,2009,Sci-Fi,Adventure,France,204.03,627.8,6.2,50,465936,135,Lionsgate
M0364,Broken Symphony,2022,Horror,Mystery,China,13.21,99.12,6.1,66,54005,111,Disney
M0365,Lost Ascension,2007,Sci-Fi,Adventure,South Korea,66.56,123.11,7.3,69,32458,125,Legendary Pictures
M0366,Iron Reckoning: Revolution,2015,Fantasy,Romance,France,300.0,1246.68,7.1,77,565373,150,Legendary Pictures
M0367,Silent Storm,2014,Drama,Crime,Canada,29.49,364.99,9.4,98,244467,114,A24
M0368,Rising Inferno: Revolution,2011,Thriller,Mystery,USA,29.95,116.92,5.7,61,80647,126,A24
M0369,Dark Ascension,2005,Sci-Fi,Superhero,USA,135.65,313.67,6.5,60,271194,127,MGM
M0370,Rising Odyssey,2020,Sci-Fi,Mystery,South Korea,179.51,160.97,6.1,68,133897,148,MGM
M0371,Sacred Kingdom: Part II,2011,Fantasy,Adventure,Japan,115.6,389.56,5.9,57,289753,153,Lionsgate
M0372,Endless Empire: Origins,2018,Horror,Mystery,France,13.4,52.1,5.9,71,42006,76,Sony Pictures
M0373,Hidden Mirage,2013,Comedy,Crime,South Korea,23.37,36.75,5.7,54,25344,98,MGM
M0374,Rising Symphony,2012,Horror,Thriller,China,14.26,36.3,6.5,70,13262,106,Paramount
M0375,Endless Requiem,2022,Animation,Adventure,France,172.74,880.11,6.1,61,1063216,102,Sony Pictures
M0376,Wild Shadow: Awakening,2006,Action,War,USA,293.85,327.63,8.6,80,234668,140,MGM
M0377,Silent Requiem: Revolution,2019,Animation,Musical,China,90.72,470.18,6.9,73,446162,105,Warner Bros
M0378,Golden Labyrinth,2019,Drama,Crime,China,36.73,59.26,8.1,85,32861,131,Universal
M0379,Whispering Kingdom: Rebirth,2012,Action,War,USA,90.72,200.63,6.0,65,107528,143,20th Century Studios
M0380,Eternal Harbor,2010,Thriller,Mystery,Germany,87.58,312.49,6.5,59,160533,131,Sony Pictures
M0381,Golden Kingdom,2005,Biography,History,France,31.75,29.47,8.5,75,13056,130,Warner Bros
M0382,Silent Mirage: Awakening,2023,Sci-Fi,Mystery,USA,300.0,581.27,5.4,58,364854,159,MGM
M0383,Dark Empire,2023,Fantasy,Fairy Tale,South Korea,219.15,278.11,5.8,51,191900,124,20th Century Studios
M0384,Crimson Odyssey: Awakening,2009,Animation,Adventure,USA,40.82,69.55,6.5,60,47205,102,A24
M0385,Forgotten Journey,2005,Action,Crime,China,179.41,653.4,7.5,75,356399,132,Lionsgate
M0386,Whispering Kingdom,2007,Drama,Crime,China,28.24,31.61,6.9,63,19052,121,Lionsgate
M0387,Hidden Shadow: Awakening,2006,Biography,War,USA,22.93,18.56,6.3,70,8510,123,A24
M0388,Crimson Legacy,2021,Biography,History,France,63.89,46.09,6.1,68,29937,124,Lionsgate
M0389,Frozen Legacy: Rebirth,2022,Fantasy,Romance,Germany,169.21,798.33,6.4,56,383917,153,Universal
M0390,Forgotten Harbor,2008,Animation,Family,Japan,254.91,146.21,5.1,54,150308,120,Sony Pictures
M0391,Forgotten Requiem: Part II,2019,Horror,Slasher,China,48.55,177.14,6.6,61,69020,102,MGM
M0392,Velvet Verdict,2008,Biography,History,USA,24.47,20.63,8.1,26,8002,127,Disney
M0393,Dark Reckoning: Awakening,2012,Thriller,Mystery,Canada,42.07,1373.2,7.0,79,477626,126,MGM
M0394,Burning Verdict,2016,Fantasy,Adventure,South Korea,42.64,49.44,7.6,21,66960,134,Sony Pictures
M0395,Forgotten Horizon: Awakening,2019,Drama,History,Japan,62.73,111.45,7.0,69,143531,125,20th Century Studios
M0396,Last Promise,2022,Sci-Fi,Mystery,India,237.4,950.83,7.5,16,484889,150,Lionsgate
M0397,Golden Horizon,2005,Action,Crime,USA,38.68,33.36,5.6,60,21497,129,20th Century Studios
M0398,Crimson Storm,2008,Comedy,Family,France,91.79,94.16,6.0,62,54466,93,Lionsgate
M0399,Burning Odyssey: Origins,2010,Horror,Thriller,UK,8.4,86.03,5.2,66,77726,94,Sony Pictures
M0400,Endless Shadow: Part II,2011,Horror,Supernatural,India,17.28,88.06,5.3,54,39147,99,Universal
M0401,Forgotten Promise: Origins,2024,Sci-Fi,Superhero,China,192.93,482.44,8.5,84,282107,160,Disney
M0402,Frozen Harbor: Part II,2020,Drama,Crime,India,40.74,15.8,6.8,70,14474,142,Warner Bros
M0403,Iron Covenant,2011,Drama,Crime,France,54.99,113.25,8.6,14,55326,147,Disney
M0404,Lost Shadow,2024,Drama,Crime,India,27.8,29.11,9.2,98,40169,120,Legendary Pictures
M0405,Wild Inferno,2014,Horror,Slasher,USA,25.96,382.45,4.5,43,96107,91,Paramount
M0406,Whispering Covenant,2015,Fantasy,Mystery,India,230.44,553.57,7.0,87,253685,139,MGM
M0407,Iron Inferno: Revolution,2013,Comedy,Family,Japan,45.78,162.0,5.5,51,111741,117,Legendary Pictures
M0408,Crimson Echo: Rebirth,2007,Horror,Supernatural,France,6.34,16.22,7.1,74,10137,84,A24
M0409,Rising Journey,2023,Action,Crime,Japan,185.9,973.55,5.3,48,543423,140,A24
M0410,Whispering Requiem: Revolution,2005,Drama,History,South Korea,32.34,22.73,7.5,83,14947,121,20th Century Studios
M0411,Hidden Inferno: Revolution,2008,Biography,History,Germany,31.32,24.4,7.2,81,11187,122,Disney
M0412,Eternal Echo: Awakening,2009,Comedy,Crime,India,31.41,68.76,5.7,60,59006,108,Universal
M0413,Whispering Harbor,2010,Horror,Slasher,Japan,32.73,272.65,5.0,44,121474,94,A24
M0414,Golden Covenant,2007,Action,Superhero,South Korea,76.21,160.41,6.1,56,136736,125,Warner Bros
M0415,Endless Inferno,2005,Thriller,Crime,USA,43.75,240.92,6.4,62,131115,110,Warner Bros
M0416,Iron Storm: Awakening,2018,Biography,War,UK,50.72,208.81,6.6,72,69927,131,Sony Pictures
M0417,Golden Storm: Origins,2024,Fantasy,Adventure,Japan,244.29,1494.13,5.7,57,509999,127,Sony Pictures
M0418,Hidden Storm,2007,Drama,Crime,USA,42.47,45.91,6.3,64,22929,110,Warner Bros
M0419,Dark Labyrinth: Awakening,2010,Animation,Musical,USA,160.39,302.83,6.2,63,262407,109,Legendary Pictures
M0420,Endless Ascension: Awakening,2015,Fantasy,Romance,France,106.01,465.85,5.7,70,437319,129,20th Century Studios
M0421,Last Storm,2023,Comedy,Crime,Canada,40.11,286.48,6.5,58,257071,103,Disney
M0422,Silent Echo: Part II,2018,Comedy,Musical,India,78.13,179.86,6.0,66,68316,108,Paramount
M0423,Velvet Symphony,2020,Thriller,Crime,South Korea,40.23,41.81,7.3,85,35679,127,20th Century Studios
M0424,Rising Storm: Part II,2016,Sci-Fi,Adventure,USA,242.18,508.85,6.4,58,323336,123,MGM
M0425,Forgotten Verdict,2013,Drama,Romance,UK,33.7,74.14,7.7,25,46721,126,20th Century Studios
M0426,Golden Covenant: Awakening,2008,Horror,Mystery,USA,19.69,66.24,6.1,66,40064,85,Lionsgate
M0427,Broken Reckoning: Awakening,2022,Fantasy,Adventure,Canada,125.46,256.94,5.4,63,208318,159,Lionsgate
M0428,Frozen Symphony: Part II,2021,Horror,Mystery,France,53.92,191.61,8.4,82,108410,103,20th Century Studios
M0429,Forgotten Kingdom: Part II,2005,Comedy,Family,USA,41.38,113.12,5.9,71,66774,103,Lionsgate
M0430,Rising Requiem,2019,Animation,Musical,UK,94.33,470.95,6.9,65,806187,93,Legendary Pictures
M0431,Velvet Requiem: Rebirth,2006,Animation,Musical,Canada,91.48,135.77,6.4,64,89934,102,Legendary Pictures
M0432,Velvet Empire: Rebirth,2019,Action,Crime,Japan,231.05,564.87,6.8,25,225921,128,Sony Pictures
M0433,Whispering Legacy,2021,Comedy,Crime,India,30.34,80.72,6.6,73,79653,108,Lionsgate
M0434,Broken Harbor,2007,Action,Crime,USA,57.58,232.71,6.7,39,80375,134,MGM
M0435,Crimson Verdict: Awakening,2013,Comedy,Musical,South Korea,22.12,33.46,6.5,70,15687,88,Paramount
M0436,Whispering Odyssey: Rebirth,2007,Sci-Fi,Superhero,UK,99.52,201.02,5.3,43,108229,123,Disney
M0437,Rising Verdict,2016,Drama,Romance,USA,19.55,30.58,8.1,72,33933,118,Universal
M0438,Rising Ascension: Origins,2023,Horror,Mystery,USA,19.14,93.73,6.8,66,81689,114,Disney
M0439,Iron Inferno: Awakening,2006,Animation,Family,UK,88.27,345.02,7.3,35,169525,89,Warner Bros
M0440,Golden Symphony,2012,Fantasy,Romance,Germany,129.47,475.9,5.5,62,147000,147,A24
M0441,Whispering Empire: Revolution,2024,Action,Adventure,USA,300.0,2800.0,7.4,84,764024,139,Warner Bros
M0442,Iron Empire,2011,Horror,Thriller,France,7.72,45.38,5.3,47,37736,94,A24
M0443,Shattered Echo,2007,Fantasy,Adventure,China,60.64,111.92,7.7,69,50848,149,Disney
M0444,Sacred Legacy,2014,Action,Superhero,Canada,194.83,1032.78,7.1,78,807925,119,Universal
M0445,Velvet Reckoning,2015,Biography,War,South Korea,26.57,41.6,7.5,29,20853,131,Disney
M0446,Hidden Reckoning,2018,Animation,Family,Japan,75.72,465.56,7.2,80,153766,101,20th Century Studios
M0447,Golden Requiem: Origins,2011,Thriller,Mystery,USA,72.9,111.47,6.6,61,46643,133,20th Century Studios
M0448,Wild Echo: Awakening,2024,Horror,Slasher,China,20.23,141.7,4.9,51,83241,121,Warner Bros
M0449,Burning Kingdom,2015,Sci-Fi,Adventure,UK,201.89,146.8,6.5,62,140123,127,Universal
M0450,Forgotten Echo: Rebirth,2010,Thriller,Crime,USA,39.72,65.42,6.0,25,59146,99,Legendary Pictures
M0451,Frozen Requiem: Origins,2024,Thriller,Noir,China,24.3,39.09,6.0,72,25433,129,20th Century Studios
M0452,Eternal Legacy: Part II,2023,Horror,Thriller,Japan,41.55,187.21,6.7,57,109020,114,Universal
M0453,Burning Requiem: Revolution,2014,Biography,Drama,China,23.98,28.99,7.5,72,16447,133,20th Century Studios
M0454,Iron Odyssey: Origins,2005,Sci-Fi,Superhero,USA,171.86,493.11,6.4,61,280965,134,MGM
M0455,Dark Mirage,2016,Animation,Family,USA,300.0,1835.46,7.8,99,1089784,107,A24
M0456,Dark Ascension: Revolution,2016,Action,War,UK,219.09,421.67,6.1,58,222843,141,Sony Pictures
M0457,Sacred Echo: Origins,2007,Sci-Fi,Mystery,USA,146.64,609.98,7.2,71,447152,125,A24
M0458,Lost Empire: Part II,2017,Comedy,Family,France,67.43,70.68,5.7,58,70030,115,MGM
M0459,Shattered Horizon: Origins,2021,Fantasy,Mystery,UK,184.99,473.33,6.5,60,289029,143,A24
M0460,Hidden Harbor: Origins,2007,Horror,Mystery,France,15.65,28.81,5.5,55,16488,90,20th Century Studios
M0461,Wild Shadow,2019,Horror,Thriller,UK,26.53,93.97,4.4,42,127493,108,Disney
M0462,Forgotten Kingdom,2007,Biography,Drama,USA,45.21,25.06,7.1,73,19919,125,Legendary Pictures
M0463,Broken Ascension,2019,Animation,Family,China,93.99,393.21,7.4,79,205036,92,Warner Bros
M0464,Crimson Inferno: Origins,2013,Sci-Fi,Adventure,USA,47.75,96.59,6.1,53,58962,138,A24
M0465,Hidden Mirage: Rebirth,2005,Action,Adventure,UK,43.42,120.89,5.7,61,64385,113,Disney
M0466,Silent Odyssey: Rebirth,2024,Drama,Crime,UK,34.55,77.1,7.3,71,32436,106,Legendary Pictures
M0467,Burning Mirage,2008,Drama,Family,Germany,20.95,29.16,6.7,71,12747,113,Legendary Pictures
M0468,Last Promise: Part II,2016,Fantasy,Fairy Tale,Japan,129.09,405.39,6.7,80,223923,135,Warner Bros
M0469,Frozen Covenant: Awakening,2008,Thriller,Mystery,China,52.82,89.79,5.9,48,33580,105,20th Century Studios
M0470,Endless Echo: Awakening,2023,Drama,History,USA,17.7,22.42,6.3,42,13226,131,Warner Bros
M0471,Last Empire,2019,Comedy,Romance,South Korea,44.21,42.42,5.6,59,23855,117,Universal
M0472,Endless Storm: Awakening,2021,Horror,Supernatural,India,35.64,65.24,4.7,52,58719,120,MGM
M0473,Burning Horizon,2013,Sci-Fi,Adventure,USA,158.3,145.78,4.8,49,56119,132,A24
M0474,Frozen Labyrinth,2014,Comedy,Crime,USA,45.78,106.93,6.8,69,67432,119,MGM
M0475,Velvet Mirage,2017,Sci-Fi,Dystopian,Japan,167.86,854.53,5.7,76,534011,143,Legendary Pictures
M0476,Rising Labyrinth: Origins,2020,Drama,Crime,USA,45.91,88.11,7.9,8,54284,139,MGM
M0477,Silent Reckoning,2021,Biography,War,UK,46.59,23.47,7.7,17,17141,131,Paramount
M0478,Forgotten Promise,2005,Horror,Slasher,France,35.67,432.47,5.8,59,311826,88,Lionsgate
M0479,Frozen Odyssey,2018,Biography,Drama,Japan,35.96,42.46,8.1,14,16605,128,20th Century Studios
M0480,Endless Legacy,2007,Comedy,Crime,USA,50.93,254.05,6.6,76,141881,91,Lionsgate
M0481,Golden Verdict: Rebirth,2010,Animation,Musical,USA,75.23,226.56,7.7,77,72784,81,Legendary Pictures
M0482,Golden Reckoning: Part II,2021,Sci-Fi,Mystery,USA,103.34,263.78,8.3,92,299212,117,Paramount
M0483,Broken Labyrinth,2010,Horror,Mystery,USA,26.29,61.46,5.5,63,22549,101,Warner Bros
M0484,Shattered Verdict: Origins,2020,Fantasy,Romance,USA,209.95,91.61,6.2,70,52775,146,Legendary Pictures
M0485,Crimson Inferno,2014,Biography,War,India,56.85,124.72,8.4,90,103503,139,Paramount
M0486,Wild Journey: Revolution,2009,Sci-Fi,Superhero,France,164.08,434.12,6.3,54,193955,123,A24
M0487,Last Reckoning,2011,Action,Adventure,South Korea,157.85,932.73,6.5,72,408518,144,Paramount
M0488,Lost Horizon,2015,Horror,Slasher,USA,25.48,126.91,6.9,74,85076,83,Lionsgate
M0489,Rising Covenant,2020,Fantasy,Fairy Tale,India,300.0,104.96,6.8,72,89332,133,Universal
M0490,Sacred Harbor: Part II,2017,Fantasy,Mystery,USA,79.9,167.13,7.3,76,126223,140,MGM
M0491,Hidden Harbor: Revolution,2023,Thriller,Mystery,Germany,59.96,139.98,6.9,63,87128,119,A24
M0492,Dark Kingdom: Origins,2022,Comedy,Musical,India,25.89,35.63,7.3,76,15330,93,A24
M0493,Dark Verdict,2020,Animation,Musical,Germany,137.86,521.35,6.8,78,372085,107,20th Century Studios
M0494,Sacred Mirage: Revolution,2017,Sci-Fi,Adventure,USA,96.93,463.12,6.2,68,283608,128,Paramount
M0495,Dark Journey,2010,Action,Crime,USA,161.69,421.03,6.8,67,408881,123,Legendary Pictures
M0496,Lost Requiem: Part II,2013,Drama,Crime,China,49.7,53.0,7.7,72,53126,105,Lionsgate
M0497,Last Kingdom: Part II,2007,Animation,Adventure,USA,49.23,246.52,6.8,66,158517,101,Sony Pictures
M0498,Lost Inferno,2012,Animation,Comedy,USA,83.42,421.02,7.1,62,387390,96,Universal
M0499,Iron Kingdom: Part II,2023,Drama,Romance,UK,81.87,220.9,6.2,65,198979,134,Disney
M0500,Sacred Echo: Rebirth,2013,Drama,Crime,India,44.13,82.56,7.1,67,59975,96,Warner Bros
M0501,Frozen Verdict: Part II,2007,Fantasy,Fairy Tale,India,126.78,387.03,5.3,57,194559,164,Sony Pictures
M0502,Dark Echo: Origins,2018,Biography,Drama,China,40.56,68.99,9.0,83,35138,131,Lionsgate
M0503,Endless Shadow,2024,Horror,Thriller,Japan,18.41,119.21,6.9,82,74570,107,Universal
M0504,Lost Legacy,2022,Comedy,Romance,China,162.26,285.67,5.5,31,272275,125,MGM
M0505,Rising Legacy: Part II,2010,Comedy,Romance,USA,119.48,120.78,7.2,73,36169,112,Sony Pictures
M0506,Sacred Journey: Rebirth,2014,Drama,Romance,China,61.47,37.58,7.2,76,20800,110,Disney
M0507,Whispering Symphony: Awakening,2015,Action,Crime,USA,126.63,323.97,3.8,47,213077,125,Disney
M0508,Lost Harbor: Origins,2009,Fantasy,Fairy Tale,China,109.32,311.76,5.9,52,157101,153,Warner Bros
M0509,Rising Reckoning: Awakening,2010,Comedy,Romance,UK,99.99,207.22,5.2,61,152009,110,Warner Bros
M0510,Iron Promise,2009,Horror,Mystery,China,28.71,102.53,5.7,56,53310,79,20th Century Studios
M0511,Burning Kingdom: Rebirth,2024,Horror,Thriller,Germany,42.97,321.15,4.7,36,204005,121,Lionsgate
M0512,Wild Legacy: Revolution,2019,Horror,Mystery,India,15.92,84.31,4.5,55,101738,94,A24
M0513,Whispering Storm,2021,Action,Adventure,UK,181.78,806.15,6.7,73,594352,145,Warner Bros
M0514,Velvet Shadow,2021,Thriller,Crime,South Korea,69.23,85.58,7.9,73,61906,118,A24
M0515,Rising Kingdom: Rebirth,2024,Action,Adventure,USA,225.8,671.74,6.8,66,412516,119,Warner Bros
M0516,Eternal Ascension,2007,Horror,Slasher,India,9.69,19.24,5.9,63,15873,99,Disney
M0517,Eternal Harbor: Revolution,2022,Comedy,Musical,Canada,22.15,566.69,3.6,29,260134,116,Legendary Pictures
M0518,Endless Verdict,2006,Drama,History,China,26.69,25.91,7.7,78,10659,110,Legendary Pictures
M0519,Whispering Journey: Revolution,2014,Comedy,Musical,Japan,50.14,60.29,6.4,82,53497,121,Legendary Pictures
M0520,Frozen Ascension,2016,Thriller,Noir,France,51.19,39.61,5.2,61,21495,106,Universal
M0521,Whispering Verdict: Origins,2012,Sci-Fi,Adventure,India,146.0,232.01,5.5,54,96949,125,Sony Pictures
M0522,Lost Shadow: Awakening,2007,Drama,Family,South Korea,18.65,33.05,7.0,69,19453,123,Legendary Pictures
M0523,Iron Reckoning,2008,Comedy,Romance,USA,33.66,82.4,6.6,65,34935,102,Lionsgate
M0524,Hidden Kingdom,2021,Comedy,Crime,France,35.17,80.71,6.4,67,59464,111,Lionsgate
M0525,Wild Journey,2011,Horror,Slasher,USA,24.21,200.01,6.6,65,122817,112,Legendary Pictures
M0526,Burning Horizon: Origins,2011,Action,Crime,USA,188.21,623.08,6.7,62,972755,139,MGM
M0527,Velvet Kingdom,2023,Sci-Fi,Adventure,China,169.13,584.43,6.1,58,272964,160,MGM
M0528,Silent Harbor,2007,Thriller,Psychological,India,34.25,26.02,5.7,45,50884,119,A24
M0529,Golden Symphony: Revolution,2023,Drama,Romance,Japan,32.64,26.74,8.0,75,19880,140,Warner Bros
M0530,Hidden Ascension: Revolution,2023,Horror,Mystery,India,17.38,103.77,6.4,63,69643,95,MGM
M0531,Hidden Requiem,2016,Biography,War,USA,22.51,38.51,5.8,55,31289,137,Warner Bros
M0532,Last Requiem: Revolution,2008,Biography,Drama,USA,42.65,48.82,8.3,89,43210,129,Disney
M0533,Shattered Horizon,2008,Animation,Musical,China,152.79,395.54,5.9,62,303127,103,Legendary Pictures
M0534,Hidden Empire,2010,Sci-Fi,Mystery,India,98.1,161.33,6.9,68,105416,112,Universal
M0535,Iron Echo,2016,Comedy,Musical,USA,20.23,28.93,7.1,43,18786,91,A24
M0536,Lost Storm: Origins,2008,Comedy,Romance,India,38.89,183.36,5.6,52,84446,120,Legendary Pictures
M0537,Burning Labyrinth,2014,Biography,Drama,China,52.73,33.95,7.2,60,33484,114,MGM
M0538,Hidden Horizon: Origins,2007,Sci-Fi,Adventure,Germany,134.74,277.41,5.9,57,207019,137,A24
M0539,Frozen Empire: Awakening,2015,Animation,Musical,USA,39.89,98.7,7.1,71,70788,105,Disney
M0540,Eternal Storm,2005,Biography,History,USA,26.15,22.11,7.1,79,13445,113,MGM
M0541,Crimson Promise,2019,Animation,Comedy,USA,154.21,1362.7,6.7,74,702285,117,Disney
M0542,Silent Empire,2006,Comedy,Crime,USA,32.79,51.32,5.8,64,32971,103,Legendary Pictures
M0543,Rising Storm: Awakening,2008,Comedy,Romance,Germany,22.99,27.43,7.8,77,31455,92,Paramount
M0544,Broken Kingdom: Awakening,2008,Animation,Comedy,India,123.74,532.81,6.9,67,147379,94,20th Century Studios
M0545,Shattered Verdict,2021,Action,War,Japan,170.71,429.54,8.1,81,253143,108,Lionsgate
M0546,Lost Odyssey,2006,Action,Superhero,UK,300.0,1185.53,5.8,62,294687,120,Lionsgate
M0547,Dark Odyssey,2013,Animation,Family,USA,106.01,399.5,5.4,46,183795,99,MGM
M0548,Eternal Requiem: Revolution,2016,Biography,Sports,France,47.66,36.41,7.9,71,13269,147,Legendary Pictures
M0549,Crimson Inferno: Part II,2015,Action,Superhero,UK,95.41,367.35,7.9,81,209036,140,Paramount
M0550,Forgotten Labyrinth: Part II,2018,Animation,Adventure,China,87.58,272.48,6.0,51,106284,106,Paramount
M0551,Rising Reckoning: Rebirth,2021,Biography,History,USA,51.27,25.53,7.6,72,23582,147,Disney
M0552,Frozen Covenant: Origins,2012,Action,Crime,India,253.21,88.61,6.5,59,49375,127,Warner Bros
M0553,Frozen Kingdom,2021,Fantasy,Fairy Tale,Germany,117.44,122.12,5.2,36,108922,133,Warner Bros
M0554,Velvet Echo: Awakening,2011,Action,War,Germany,68.97,100.05,8.0,76,77699,135,Legendary Pictures
M0555,Iron Requiem: Rebirth,2024,Thriller,Noir,China,84.61,93.28,6.1,50,36732,149,A24
M0556,Shattered Harbor: Revolution,2015,Horror,Thriller,UK,12.17,40.68,4.5,55,23682,126,Sony Pictures
M0557,Endless Odyssey,2019,Biography,War,China,23.52,11.41,7.1,69,10633,121,Lionsgate
M0558,Eternal Reckoning,2022,Sci-Fi,Superhero,Germany,234.5,767.84,6.2,55,452312,148,Warner Bros
M0559,Eternal Labyrinth: Rebirth,2020,Action,War,USA,259.52,556.18,5.3,43,214075,126,20th Century Studios
M0560,Wild Promise: Awakening,2022,Horror,Thriller,China,31.82,206.73,6.7,70,223253,103,Legendary Pictures
M0561,Sacred Labyrinth: Awakening,2015,Comedy,Crime,UK,56.21,1959.92,7.3,73,669991,101,Disney
M0562,Whispering Legacy: Revolution,2005,Sci-Fi,Dystopian,USA,178.38,761.53,6.5,74,326065,108,Warner Bros
M0563,Dark Labyrinth: Part II,2014,Horror,Mystery,USA,18.71,71.7,7.8,78,47402,92,Warner Bros
M0564,Frozen Harbor: Awakening,2008,Fantasy,Fairy Tale,China,48.69,78.75,7.2,68,77414,130,Warner Bros
M0565,Iron Inferno,2022,Drama,Family,USA,69.0,140.7,6.8,66,65640,114,Universal
M0566,Hidden Harbor: Part II,2009,Action,Adventure,USA,84.0,169.59,5.6,45,102344,133,A24
M0567,Lost Horizon: Awakening,2009,Animation,Adventure,USA,240.77,568.85,7.3,75,372942,94,Legendary Pictures
M0568,Burning Covenant: Revolution,2009,Comedy,Crime,South Korea,55.56,1084.8,5.8,55,358636,86,Paramount
M0569,Whispering Labyrinth: Part II,2017,Animation,Musical,USA,102.8,228.55,7.4,82,156731,90,Sony Pictures
M0570,Forgotten Echo: Part II,2016,Drama,Family,China,20.88,585.11,6.6,70,480881,112,Universal
M0571,Forgotten Verdict: Revolution,2023,Action,War,India,165.46,433.44,5.4,56,304560,148,Warner Bros
M0572,Rising Inferno: Part II,2013,Comedy,Musical,USA,118.86,524.76,3.6,34,197815,110,Paramount
M0573,Last Journey: Awakening,2010,Horror,Slasher,China,29.16,176.85,6.0,65,105524,115,Paramount
M0574,Velvet Covenant,2005,Animation,Family,USA,95.04,606.24,7.8,76,293588,95,20th Century Studios
M0575,Rising Promise: Revolution,2005,Biography,Drama,USA,35.3,19.71,6.0,33,9610,110,Disney
M0576,Burning Echo,2012,Action,Crime,India,193.2,521.56,6.7,24,341912,126,Paramount
M0577,Shattered Ascension: Rebirth,2023,Action,Crime,Canada,241.53,609.46,6.6,82,281182,137,Universal
M0578,Eternal Inferno: Awakening,2015,Drama,Crime,France,30.06,51.14,7.1,70,23949,103,Paramount
M0579,Velvet Inferno: Rebirth,2022,Comedy,Romance,South Korea,49.42,99.19,5.5,54,101826,109,Sony Pictures
M0580,Crimson Shadow,2007,Horror,Thriller,USA,15.21,87.72,5.3,57,70085,98,Paramount
M0581,Dark Empire: Part II,2006,Fantasy,Romance,India,156.19,472.77,6.3,65,170580,151,Sony Pictures
M0582,Hidden Horizon: Part II,2021,Biography,History,South Korea,33.46,34.98,7.7,71,26494,129,Universal
M0583,Dark Echo: Revolution,2007,Comedy,Musical,South Korea,13.69,23.19,5.9,58,9203,118,Warner Bros
M0584,Silent Shadow: Awakening,2006,Biography,Drama,USA,21.32,6.51,6.9,66,7290,116,Paramount
M0585,Forgotten Legacy: Rebirth,2013,Thriller,Psychological,Japan,73.06,145.84,6.0,67,62982,114,Lionsgate
M0586,Broken Labyrinth: Part II,2023,Animation,Comedy,Canada,71.14,248.18,7.6,42,121700,105,Lionsgate
M0587,Iron Requiem: Revolution,2018,Biography,History,France,24.47,46.99,5.8,62,40775,138,A24
M0588,Frozen Verdict: Rebirth,2006,Action,Superhero,Japan,111.97,380.56,6.6,61,158238,151,Sony Pictures
M0589,Whispering Empire: Rebirth,2021,Thriller,Crime,USA,83.93,34.78,7.4,84,34221,118,Warner Bros
M0590,Sacred Labyrinth,2021,Sci-Fi,Adventure,China,247.38,358.12,7.0,64,350256,133,Disney
M0591,Eternal Promise,2021,Thriller,Psychological,India,91.79,89.55,5.7,52,42966,127,Paramount
M0592,Eternal Odyssey,2023,Action,War,USA,216.98,1142.61,6.4,71,599675,133,Legendary Pictures
M0593,Eternal Requiem,2009,Animation,Family,UK,72.15,395.93,6.3,66,131164,96,Legendary Pictures
M0594,Rising Kingdom,2024,Drama,Romance,USA,29.84,114.24,7.4,67,78696,128,MGM
M0595,Hidden Horizon,2011,Animation,Adventure,South Korea,300.0,1193.59,6.7,77,581019,76,Disney
M0596,Forgotten Reckoning,2021,Biography,War,Japan,108.93,98.14,5.8,55,80905,147,20th Century Studios
M0597,Eternal Labyrinth,2016,Fantasy,Mystery,South Korea,100.3,199.73,5.9,62,185779,160,MGM
M0598,Rising Harbor,2020,Comedy,Family,Germany,62.31,33.28,4.9,52,23668,91,Warner Bros
M0599,Sacred Storm,2017,Fantasy,Fairy Tale,USA,171.54,277.79,5.5,55,255027,150,Warner Bros
M0600,Last Harbor: Awakening,2017,Horror,Supernatural,USA,26.81,162.71,5.2,40,121431,92,Warner Bros
M0601,Rising Shadow: Revolution,2017,Comedy,Crime,France,55.39,45.35,5.3,62,18519,107,Warner Bros
M0602,Wild Verdict,2020,Animation,Adventure,USA,300.0,512.28,7.3,76,226740,98,Sony Pictures
M0603,Velvet Reckoning: Origins,2019,Animation,Family,Japan,300.0,2006.41,7.7,81,1200000,90,Disney
M0604,Eternal Reckoning: Origins,2007,Drama,Family,South Korea,18.13,28.52,5.8,44,13046,120,Lionsgate
M0605,Silent Verdict: Origins,2021,Animation,Comedy,France,60.47,206.32,8.8,98,136339,100,Legendary Pictures
M0606,Shattered Storm: Awakening,2015,Sci-Fi,Adventure,South Korea,251.98,1269.63,6.2,62,790913,141,Lionsgate
M0607,Endless Mirage,2011,Animation,Musical,Canada,111.14,361.09,8.2,90,379430,104,Warner Bros
M0608,Eternal Kingdom: Revolution,2015,Drama,Crime,Japan,27.31,99.92,7.7,99,48811,106,Disney
M0609,Shattered Journey,2024,Drama,Romance,Germany,47.39,110.84,8.9,84,129255,135,20th Century Studios
M0610,Silent Ascension,2022,Sci-Fi,Superhero,China,269.55,464.42,7.7,86,310632,148,20th Century Studios
M0611,Hidden Odyssey,2021,Fantasy,Fairy Tale,China,180.24,330.89,6.9,70,136632,136,Legendary Pictures
M0612,Frozen Storm: Revolution,2014,Fantasy,Adventure,UK,99.59,299.93,6.4,65,132324,149,Universal
M0613,Wild Shadow: Rebirth,2020,Comedy,Family,Germany,98.15,2279.95,5.6,60,847549,85,Legendary Pictures
M0614,Lost Legacy: Awakening,2012,Comedy,Crime,USA,65.85,58.43,6.9,80,42361,99,Lionsgate
M0615,Burning Storm: Awakening,2018,Action,War,Germany,276.0,723.93,7.2,68,291512,129,Paramount
M0616,Silent Kingdom: Revolution,2017,Thriller,Psychological,India,63.47,235.55,6.1,53,168367,103,Universal
M0617,Shattered Ascension: Part II,2009,Action,Crime,USA,300.0,1004.5,4.1,46,397084,127,20th Century Studios
M0618,Velvet Symphony: Part II,2010,Thriller,Mystery,USA,29.88,108.78,4.1,47,54004,107,MGM
M0619,Wild Ascension: Part II,2006,Comedy,Musical,France,77.2,99.67,5.4,45,45705,105,Paramount
M0620,Wild Empire,2007,Fantasy,Adventure,USA,57.43,86.05,7.5,75,43884,144,20th Century Studios
M0621,Last Echo,2013,Animation,Musical,USA,92.16,767.57,6.8,65,291739,112,Warner Bros
M0622,Endless Horizon: Origins,2014,Biography,Sports,South Korea,29.15,39.49,7.3,75,31370,152,Paramount
M0623,Sacred Verdict,2008,Fantasy,Mystery,USA,41.12,114.49,6.4,65,63478,142,MGM
M0624,Whispering Shadow: Part II,2013,Fantasy,Adventure,USA,133.21,477.81,5.9,53,190919,178,Paramount
M0625,Silent Mirage,2017,Thriller,Mystery,USA,56.91,56.03,6.4,29,59978,111,Universal
M0626,Silent Mirage: Origins,2009,Biography,Sports,USA,41.55,66.8,5.8,71,74250,110,Legendary Pictures
M0627,Velvet Reckoning: Awakening,2011,Fantasy,Mystery,Canada,205.55,694.07,5.7,58,347492,135,Legendary Pictures
M0628,Dark Mirage: Awakening,2012,Animation,Comedy,USA,108.13,137.54,8.0,79,65099,93,MGM
M0629,Hidden Labyrinth,2015,Sci-Fi,Dystopian,USA,198.58,365.18,4.6,49,190621,143,Universal
M0630,Silent Verdict: Awakening,2012,Animation,Family,USA,72.19,266.02,5.8,50,206708,89,Lionsgate
M0631,Rising Echo: Awakening,2019,Action,Adventure,India,144.75,390.5,8.2,84,201774,139,Disney
M0632,Last Odyssey,2011,Horror,Thriller,UK,13.53,23.47,6.6,69,15427,93,A24
M0633,Last Empire: Origins,2013,Comedy,Family,USA,60.44,24.28,5.5,47,24698,125,Paramount
M0634,Eternal Kingdom,2012,Biography,History,Japan,13.47,8.17,7.2,69,13966,110,Warner Bros
M0635,Rising Kingdom: Awakening,2008,Comedy,Musical,South Korea,43.91,107.74,5.4,59,54278,97,A24
M0636,Shattered Labyrinth,2018,Biography,Sports,China,54.9,35.43,8.7,88,17276,144,A24
M0637,Shattered Echo: Part II,2009,Horror,Slasher,France,11.09,30.7,6.0,61,13340,88,Paramount
M0638,Whispering Ascension: Rebirth,2010,Animation,Family,UK,65.04,214.24,6.6,61,113325,116,A24
M0639,Velvet Legacy: Origins,2020,Action,Crime,USA,300.0,331.76,6.7,67,363268,115,Universal
M0640,Silent Journey: Part II,2023,Fantasy,Adventure,USA,159.4,738.54,5.8,56,723117,137,Disney
M0641,Golden Harbor,2018,Action,Crime,China,191.89,763.69,7.7,85,238470,144,Disney
M0642,Whispering Verdict,2023,Animation,Musical,Canada,112.61,296.52,7.6,77,179896,87,Sony Pictures
M0643,Last Shadow: Revolution,2022,Horror,Slasher,UK,11.56,61.37,4.4,48,99344,105,Lionsgate
M0644,Iron Harbor: Awakening,2014,Biography,History,USA,55.8,60.86,8.0,70,46244,115,Universal
M0645,Wild Kingdom,2020,Action,Adventure,UK,65.88,25.54,5.6,57,24187,123,Sony Pictures
M0646,Iron Requiem,2011,Sci-Fi,Superhero,China,154.74,824.35,6.5,60,234218,132,Legendary Pictures
M0647,Sacred Empire: Revolution,2014,Fantasy,Fairy Tale,USA,167.71,607.03,8.5,81,254784,139,Warner Bros
M0648,Broken Inferno: Origins,2015,Sci-Fi,Mystery,France,185.93,646.94,6.5,72,512497,130,A24
M0649,Iron Inferno: Origins,2024,Fantasy,Mystery,USA,220.06,709.8,6.1,78,486491,138,Sony Pictures
M0650,Whispering Horizon: Part II,2021,Comedy,Musical,India,36.96,141.01,6.8,63,106925,114,Universal
M0651,Lost Shadow: Part II,2014,Drama,History,USA,25.16,58.55,7.5,77,46443,119,Lionsgate
M0652,Eternal Symphony,2018,Comedy,Musical,USA,53.94,132.51,5.5,66,103296,94,20th Century Studios
M0653,Hidden Echo: Origins,2009,Action,Superhero,USA,116.36,771.31,5.7,37,414513,118,20th Century Studios
M0654,Frozen Legacy: Awakening,2021,Comedy,Romance,USA,27.92,34.35,4.2,43,14920,102,A24
M0655,Whispering Verdict: Revolution,2016,Horror,Slasher,France,32.52,97.02,6.5,60,85935,117,Universal
M0656,Silent Covenant,2015,Fantasy,Mystery,Japan,90.85,40.19,6.9,67,47133,141,20th Century Studios
M0657,Hidden Verdict,2020,Fantasy,Fairy Tale,Japan,113.88,151.44,7.2,78,90238,144,MGM
M0658,Last Inferno,2017,Biography,Drama,Canada,18.66,15.73,7.6,75,19077,129,MGM
M0659,Whispering Verdict: Awakening,2006,Horror,Slasher,China,9.05,37.11,6.0,55,32243,110,20th Century Studios
M0660,Broken Shadow: Part II,2010,Comedy,Crime,India,45.86,227.77,4.7,47,85840,107,Lionsgate
M0661,Frozen Ascension: Awakening,2008,Comedy,Romance,China,43.68,48.6,6.6,43,14153,105,MGM
M0662,Sacred Horizon,2019,Thriller,Psychological,USA,36.76,105.31,6.3,44,75963,132,A24
M0663,Wild Odyssey,2005,Animation,Comedy,USA,69.17,341.27,6.4,30,330070,99,Sony Pictures
M0664,Crimson Harbor,2009,Biography,Sports,USA,69.77,101.05,7.7,82,75652,109,MGM
M0665,Forgotten Echo: Awakening,2016,Comedy,Family,China,33.45,90.03,5.8,62,17413,107,20th Century Studios
M0666,Lost Mirage: Rebirth,2018,Action,Crime,USA,180.78,825.57,6.9,68,511634,154,Legendary Pictures
M0667,Iron Shadow: Revolution,2015,Drama,Family,France,39.57,108.41,7.5,18,57185,91,Paramount
M0668,Silent Ascension: Part II,2022,Sci-Fi,Adventure,USA,276.46,645.54,7.2,73,342112,156,Sony Pictures
M0669,Golden Shadow: Part II,2023,Animation,Musical,UK,190.07,1064.75,8.3,71,860763,98,20th Century Studios
M0670,Burning Symphony,2007,Thriller,Crime,China,85.01,161.04,6.1,66,74165,121,Universal
M0671,Golden Labyrinth: Revolution,2024,Biography,Sports,China,54.65,160.0,8.9,94,110560,132,A24
M0672,Broken Covenant: Part II,2017,Drama,Family,India,43.69,69.69,7.4,66,30453,137,A24
M0673,Silent Promise: Revolution,2017,Thriller,Noir,France,44.79,97.82,8.0,77,52302,108,Sony Pictures
M0674,Rising Symphony: Awakening,2006,Biography,Drama,France,65.19,18.01,6.4,84,7514,130,Lionsgate
M0675,Silent Journey: Revolution,2017,Horror,Mystery,Canada,20.02,121.13,6.5,78,63677,103,Lionsgate
M0676,Burning Verdict: Origins,2019,Action,Superhero,USA,242.82,74.63,5.6,44,36855,116,Lionsgate
M0677,Dark Empire: Rebirth,2016,Horror,Slasher,India,11.74,78.8,4.8,26,43718,85,Warner Bros
M0678,Burning Empire: Origins,2006,Biography,History,Canada,23.53,56.72,6.8,39,32285,122,Disney
M0679,Lost Labyrinth: Part II,2015,Sci-Fi,Superhero,France,116.04,323.97,5.8,60,127043,134,Paramount
M0680,Sacred Symphony: Awakening,2023,Biography,Drama,India,72.19,142.54,6.9,70,70922,130,Legendary Pictures
M0681,Golden Shadow,2019,Fantasy,Mystery,Canada,161.23,351.05,5.6,45,266654,141,MGM
M0682,Shattered Shadow: Part II,2007,Sci-Fi,Superhero,China,100.81,858.56,7.3,82,810443,143,Universal
M0683,Golden Inferno: Rebirth,2024,Action,War,USA,132.21,135.5,6.1,65,108619,139,Legendary Pictures
M0684,Frozen Empire: Part II,2024,Biography,Sports,South Korea,85.34,167.62,8.0,73,224689,118,Sony Pictures
M0685,Golden Echo: Part II,2008,Fantasy,Romance,UK,125.47,217.29,5.9,54,68415,131,A24
M0686,Velvet Inferno: Revolution,2021,Biography,War,France,22.6,16.63,9.0,98,15660,134,A24
M0687,Dark Mirage: Part II,2013,Action,Crime,Canada,106.51,300.76,6.8,73,258066,131,Paramount
M0688,Rising Verdict: Awakening,2016,Animation,Musical,Japan,133.48,758.94,6.6,53,541961,104,Sony Pictures
M0689,Endless Reckoning: Part II,2013,Biography,Sports,USA,48.19,78.57,7.0,64,59384,133,Disney
M0690,Velvet Journey: Awakening,2020,Drama,Family,Canada,28.16,14.95,9.3,89,17840,142,Paramount
M0691,Silent Ascension: Rebirth,2024,Biography,Drama,South Korea,40.09,75.1,7.4,55,56045,121,Paramount
M0692,Rising Requiem: Revolution,2020,Drama,Family,France,30.88,26.23,8.2,79,23805,110,20th Century Studios
M0693,Forgotten Shadow: Rebirth,2023,Thriller,Crime,South Korea,53.18,114.12,6.1,76,70324,92,Legendary Pictures
M0694,Silent Legacy: Rebirth,2023,Sci-Fi,Adventure,USA,199.87,451.04,7.3,78,253940,140,Warner Bros
M0695,Dark Kingdom: Awakening,2006,Fantasy,Romance,China,107.73,230.54,6.3,62,156795,142,Sony Pictures
M0696,Lost Storm: Rebirth,2010,Sci-Fi,Dystopian,USA,85.94,60.9,5.0,56,46212,138,Sony Pictures
M0697,Frozen Labyrinth: Awakening,2019,Biography,Drama,UK,22.39,81.16,6.8,69,38335,139,Legendary Pictures
M0698,Lost Labyrinth: Revolution,2016,Comedy,Musical,Japan,36.4,91.38,8.4,86,97719,125,Universal
M0699,Last Symphony: Rebirth,2006,Thriller,Mystery,USA,48.62,48.63,7.2,62,30969,130,A24
M0700,Endless Inferno: Rebirth,2006,Action,War,India,37.5,81.06,7.1,69,32231,137,MGM
M0701,Iron Echo: Revolution,2015,Horror,Supernatural,UK,10.83,58.8,5.8,56,28403,112,Legendary Pictures
M0702,Broken Legacy,2017,Drama,Romance,USA,39.15,68.44,5.9,50,104425,121,Paramount
M0703,Crimson Kingdom: Origins,2008,Sci-Fi,Mystery,India,183.9,191.87,3.9,44,161317,132,MGM
M0704,Whispering Kingdom: Part II,2008,Action,Crime,China,88.0,281.76,7.2,69,145884,124,MGM
M0705,Whispering Harbor: Part II,2007,Biography,Sports,USA,40.6,35.1,8.6,83,47939,107,Lionsgate
M0706,Endless Shadow: Awakening,2016,Animation,Family,USA,101.32,291.66,6.9,70,170272,96,Universal
M0707,Sacred Inferno: Awakening,2005,Horror,Supernatural,USA,14.73,72.36,3.8,51,50562,90,Universal
M0708,Whispering Labyrinth,2016,Comedy,Musical,USA,25.04,45.4,5.4,57,43537,98,Paramount
M0709,Golden Storm: Rebirth,2014,Drama,History,China,23.69,30.09,7.0,79,12686,97,MGM
M0710,Velvet Horizon: Revolution,2014,Thriller,Noir,UK,21.15,24.07,5.6,45,7844,106,Lionsgate
M0711,Broken Covenant: Origins,2018,Biography,Sports,India,26.37,70.06,7.6,78,26537,116,A24
M0712,Crimson Reckoning,2015,Drama,History,USA,19.47,30.95,7.9,28,16677,128,Universal
M0713,Frozen Kingdom: Revolution,2019,Action,War,Canada,172.29,495.18,6.3,78,263722,114,Disney
M0714,Forgotten Labyrinth,2020,Biography,Sports,Canada,75.04,22.91,6.8,28,9773,127,20th Century Studios
M0715,Shattered Promise: Origins,2023,Action,Crime,UK,241.57,1221.89,6.9,63,484213,138,Warner Bros
M0716,Whispering Odyssey: Origins,2020,Animation,Musical,UK,124.84,634.83,7.1,20,214252,105,Warner Bros
M0717,Dark Harbor,2015,Horror,Thriller,China,11.37,38.0,5.4,61,33207,104,Lionsgate
M0718,Silent Legacy: Origins,2014,Drama,Crime,UK,19.36,23.52,7.4,70,20527,116,Warner Bros
M0719,Dark Mirage: Revolution,2009,Thriller,Psychological,South Korea,38.29,75.46,7.7,22,56229,126,Universal
M0720,Iron Odyssey: Part II,2016,Animation,Comedy,USA,68.72,151.5,6.3,57,121596,99,20th Century Studios
M0721,Burning Promise: Revolution,2007,Biography,War,UK,55.94,75.37,6.9,55,43695,124,A24
M0722,Wild Journey: Origins,2023,Thriller,Psychological,USA,66.89,444.82,7.4,79,227617,107,Lionsgate
M0723,Golden Kingdom: Revolution,2021,Drama,History,China,35.45,27.15,7.6,79,35340,110,Universal
M0724,Silent Mirage: Revolution,2007,Thriller,Mystery,USA,44.4,31.42,6.3,65,17191,123,Disney
M0725,Dark Inferno,2020,Comedy,Musical,France,73.66,84.08,4.9,39,96240,121,A24
M0726,Crimson Ascension: Revolution,2007,Fantasy,Mystery,South Korea,134.84,657.97,7.3,32,607599,128,Warner Bros
M0727,Burning Journey: Part II,2019,Biography,Drama,India,54.23,66.4,6.7,69,62823,109,Disney
M0728,Hidden Journey,2006,Thriller,Mystery,USA,26.82,52.95,5.9,57,28939,101,Warner Bros
M0729,Shattered Promise,2014,Drama,History,China,74.3,236.5,7.5,75,215796,130,Lionsgate
M0730,Velvet Reckoning: Part II,2018,Action,War,China,114.82,365.9,5.0,57,224247,159,Paramount
M0731,Wild Reckoning: Rebirth,2019,Comedy,Romance,India,19.1,62.93,5.2,48,50101,115,20th Century Studios
M0732,Shattered Horizon: Part II,2013,Thriller,Psychological,India,39.82,55.25,6.4,61,31930,101,Paramount
M0733,Sacred Labyrinth: Origins,2023,Thriller,Crime,China,71.77,152.32,5.1,58,89104,86,A24
M0734,Frozen Promise,2020,Sci-Fi,Adventure,USA,142.6,48.91,7.0,78,46314,131,Lionsgate
M0735,Whispering Odyssey: Part II,2009,Action,War,USA,146.78,171.53,8.1,71,110026,135,Paramount
M0736,Iron Empire: Awakening,2018,Horror,Slasher,Canada,23.6,109.9,6.5,54,58713,98,Legendary Pictures
M0737,Hidden Symphony,2019,Drama,History,UK,26.17,838.67,8.1,79,474792,131,20th Century Studios
M0738,Burning Covenant: Origins,2011,Sci-Fi,Adventure,Germany,102.65,238.65,6.2,58,144341,140,A24
M0739,Golden Harbor: Revolution,2019,Fantasy,Romance,France,76.35,56.47,6.8,62,56097,149,A24
M0740,Velvet Kingdom: Awakening,2022,Comedy,Crime,France,29.83,32.11,7.4,77,17793,103,MGM
M0741,Rising Odyssey: Revolution,2021,Action,War,USA,141.15,168.89,7.3,67,96661,149,Disney
M0742,Wild Legacy: Origins,2020,Animation,Adventure,Canada,90.67,126.93,4.8,47,120183,100,Sony Pictures
M0743,Endless Symphony: Origins,2017,Horror,Supernatural,South Korea,8.73,91.29,6.5,74,91910,97,Paramount
M0744,Hidden Kingdom: Part II,2010,Biography,History,Germany,17.79,31.45,6.6,55,20877,111,Sony Pictures
M0745,Silent Promise,2020,Action,Superhero,Japan,120.08,209.22,5.0,35,194498,152,Disney
M0746,Crimson Echo: Revolution,2012,Biography,Drama,Germany,22.64,29.22,8.2,85,31306,127,MGM
M0747,Lost Echo: Part II,2015,Fantasy,Mystery,USA,102.93,287.5,6.4,62,171407,138,A24
M0748,Forgotten Storm,2011,Fantasy,Adventure,USA,131.83,197.45,7.1,64,98458,138,MGM
M0749,Endless Reckoning,2011,Fantasy,Mystery,USA,152.5,133.73,7.2,67,64442,156,A24
M0750,Iron Kingdom: Origins,2008,Drama,Romance,China,26.66,96.99,7.0,78,65307,117,Paramount
M0751,Last Labyrinth: Rebirth,2024,Action,Adventure,UK,194.43,1095.45,5.9,52,664131,130,Universal
M0752,Broken Empire: Rebirth,2007,Comedy,Crime,Germany,33.59,90.56,7.1,64,28719,92,Lionsgate
M0753,Dark Legacy: Revolution,2006,Action,Crime,UK,300.0,895.25,6.9,60,482206,128,Warner Bros
M0754,Sacred Covenant: Awakening,2023,Sci-Fi,Dystopian,India,178.68,1020.35,8.5,8,415288,129,20th Century Studios
M0755,Broken Kingdom: Revolution,2016,Comedy,Romance,UK,95.9,370.64,5.9,59,303702,96,Sony Pictures
M0756,Burning Covenant,2013,Drama,Family,China,26.13,35.79,7.7,76,24780,116,MGM
M0757,Crimson Verdict: Part II,2019,Biography,Sports,China,60.93,206.11,7.8,84,99166,127,Sony Pictures
M0758,Dark Symphony: Awakening,2012,Thriller,Psychological,USA,64.96,133.04,5.1,49,64453,113,Warner Bros
M0759,Hidden Legacy,2007,Fantasy,Mystery,USA,227.13,666.94,7.6,78,211556,140,MGM
M0760,Silent Verdict: Revolution,2019,Comedy,Musical,UK,49.97,122.22,4.8,45,97022,103,Paramount
M0761,Broken Mirage: Revolution,2008,Thriller,Crime,France,53.66,69.02,6.7,66,33540,77,Lionsgate
M0762,Forgotten Promise: Part II,2016,Comedy,Family,India,75.65,74.88,6.1,72,50476,96,Universal
M0763,Golden Reckoning: Revolution,2023,Action,Crime,France,102.77,840.45,6.4,65,645548,153,A24
M0764,Last Shadow: Origins,2023,Thriller,Crime,China,41.54,69.72,6.7,63,51612,94,Disney
M0765,Iron Storm,2012,Sci-Fi,Mystery,UK,80.81,489.99,6.7,60,120023,127,20th Century Studios
M0766,Eternal Kingdom: Origins,2020,Fantasy,Romance,France,97.25,205.38,8.3,88,112104,144,Disney
M0767,Broken Promise: Rebirth,2017,Comedy,Crime,Japan,30.95,202.85,5.8,73,62644,123,Disney
M0768,Shattered Empire,2014,Animation,Adventure,USA,94.11,247.53,6.9,69,92989,135,Warner Bros
M0769,Crimson Symphony: Revolution,2007,Fantasy,Romance,USA,129.25,406.38,6.4,65,205583,126,A24
M0770,Burning Inferno: Part II,2012,Horror,Slasher,USA,22.85,142.3,6.3,73,86416,107,Disney
M0771,Eternal Promise: Awakening,2018,Comedy,Crime,USA,28.71,50.73,5.8,60,25234,101,A24
M0772,Golden Empire,2024,Fantasy,Romance,Japan,101.18,143.8,6.2,52,87668,135,Universal
M0773,Sacred Ascension: Awakening,2005,Horror,Supernatural,UK,8.22,44.74,6.4,60,32240,87,Sony Pictures
M0774,Iron Journey,2019,Action,Superhero,UK,123.58,528.17,4.0,46,444555,142,Universal
M0775,Silent Kingdom: Awakening,2021,Thriller,Crime,China,24.32,66.45,6.6,73,49975,123,20th Century Studios
M0776,Broken Harbor: Revolution,2024,Comedy,Musical,India,48.55,154.86,5.7,63,88343,90,Disney
M0777,Eternal Promise: Revolution,2013,Sci-Fi,Mystery,India,300.0,605.45,6.3,30,234339,140,Warner Bros
M0778,Iron Kingdom: Rebirth,2007,Biography,War,France,29.25,51.65,6.7,73,46932,133,Lionsgate
M0779,Shattered Symphony: Rebirth,2010,Animation,Comedy,USA,122.51,2090.59,7.9,81,875371,87,Disney
M0780,Forgotten Labyrinth: Awakening,2022,Comedy,Crime,USA,100.41,1489.3,7.3,78,992740,93,Paramount
M0781,Endless Shadow: Rebirth,2022,Comedy,Family,USA,30.23,31.33,6.2,66,30848,119,Lionsgate
M0782,Last Covenant: Awakening,2017,Sci-Fi,Dystopian,South Korea,224.58,410.42,6.4,54,318719,114,20th Century Studios
M0783,Rising Requiem: Rebirth,2007,Comedy,Musical,Canada,26.44,77.29,6.9,65,33954,108,Warner Bros
M0784,Velvet Ascension,2007,Fantasy,Adventure,USA,50.81,538.14,4.0,36,137779,163,Universal
M0785,Last Legacy: Rebirth,2014,Comedy,Family,USA,52.81,70.81,6.8,70,31785,109,Legendary Pictures
M0786,Endless Legacy: Part II,2016,Drama,History,Japan,23.56,10.77,9.1,94,10087,110,Sony Pictures
M0787,Iron Symphony: Revolution,2005,Biography,Drama,USA,89.44,103.55,8.5,80,70907,121,Warner Bros
M0788,Forgotten Legacy: Part II,2018,Fantasy,Romance,USA,182.83,363.31,5.7,64,395116,159,Warner Bros
M0789,Whispering Covenant: Origins,2015,Animation,Adventure,UK,292.75,1174.23,6.7,77,398757,109,Disney
M0790,Whispering Kingdom: Awakening,2005,Thriller,Noir,UK,25.12,51.4,6.1,61,39918,123,Universal
M0791,Endless Symphony: Rebirth,2006,Sci-Fi,Adventure,France,243.6,218.63,6.7,72,85111,114,Sony Pictures
M0792,Lost Promise: Origins,2014,Action,Crime,South Korea,104.41,323.23,7.9,37,224562,123,20th Century Studios
M0793,Dark Kingdom: Rebirth,2019,Action,Adventure,USA,219.12,897.68,6.8,34,769054,155,Legendary Pictures
M0794,Golden Promise: Part II,2021,Animation,Musical,India,91.85,356.04,7.8,80,239341,117,Lionsgate
M0795,Lost Kingdom: Origins,2013,Thriller,Noir,France,54.28,110.74,4.6,45,42425,106,MGM
M0796,Dark Horizon: Rebirth,2010,Drama,Romance,UK,54.81,103.15,7.2,68,90192,121,Sony Pictures
M0797,Wild Mirage,2024,Action,War,USA,129.86,477.69,7.2,59,254657,137,Lionsgate
M0798,Hidden Labyrinth: Awakening,2014,Animation,Comedy,China,119.58,341.96,7.1,85,215058,96,Disney
M0799,Whispering Reckoning: Revolution,2011,Biography,Sports,India,86.86,83.46,8.8,88,68914,146,20th Century Studios
M0800,Wild Labyrinth: Awakening,2013,Sci-Fi,Mystery,USA,185.09,494.36,6.0,60,260757,147,MGM
M0801,Lost Symphony: Origins,2005,Sci-Fi,Superhero,Japan,112.74,228.74,7.3,82,86432,124,Warner Bros
M0802,Whispering Promise: Revolution,2011,Animation,Family,India,139.97,1036.43,8.0,71,339594,95,A24
M0803,Broken Legacy: Awakening,2015,Animation,Comedy,South Korea,115.26,964.02,5.8,47,554867,90,Legendary Pictures
M0804,Eternal Labyrinth: Awakening,2023,Thriller,Crime,Germany,81.45,235.17,7.3,61,138988,133,A24
M0805,Wild Harbor: Part II,2019,Drama,Crime,UK,49.34,44.68,7.2,74,17632,136,MGM
M0806,Burning Echo: Awakening,2020,Sci-Fi,Dystopian,South Korea,191.13,147.55,6.9,75,79885,155,Paramount
M0807,Whispering Requiem,2015,Animation,Adventure,UK,197.31,1461.17,5.6,60,648463,112,Warner Bros
M0808,Broken Legacy: Revolution,2007,Sci-Fi,Mystery,USA,79.91,44.4,5.5,54,35762,133,Legendary Pictures
M0809,Frozen Journey: Rebirth,2012,Horror,Thriller,France,13.69,51.41,5.9,66,18380,123,20th Century Studios
M0810,Last Reckoning: Rebirth,2024,Thriller,Mystery,Germany,72.37,99.21,7.2,65,58054,111,A24
M0811,Endless Labyrinth,2005,Biography,Drama,USA,28.99,37.48,7.7,77,29666,106,A24
M0812,Crimson Symphony,2022,Animation,Comedy,UK,147.44,957.74,6.4,53,922100,103,A24
M0813,Shattered Promise: Rebirth,2018,Drama,Family,Japan,37.36,1276.83,6.5,49,500374,109,Disney
M0814,Sacred Requiem: Revolution,2010,Horror,Thriller,France,22.29,44.62,6.9,73,35673,105,MGM
M0815,Silent Labyrinth: Awakening,2020,Animation,Comedy,Germany,134.86,137.31,6.9,62,128067,108,Lionsgate
M0816,Frozen Journey,2021,Fantasy,Romance,USA,300.0,689.91,7.2,70,486621,140,Warner Bros
M0817,Burning Inferno: Rebirth,2005,Drama,Romance,India,21.01,31.25,6.3,57,26839,123,Lionsgate
M0818,Crimson Harbor: Rebirth,2007,Action,Superhero,USA,81.63,299.65,6.0,61,206859,146,Warner Bros
M0819,Endless Echo: Rebirth,2018,Biography,Sports,Germany,59.66,225.83,6.7,60,127049,120,20th Century Studios
M0820,Rising Requiem: Part II,2024,Biography,War,USA,16.33,23.88,6.8,74,16038,136,A24
M0821,Wild Empire: Rebirth,2005,Comedy,Romance,Japan,45.64,222.54,4.8,48,71222,75,Universal
M0822,Eternal Mirage: Awakening,2018,Comedy,Crime,Germany,34.83,86.21,5.2,48,63318,92,20th Century Studios
M0823,Broken Horizon: Part II,2007,Comedy,Musical,China,44.93,103.85,6.0,49,49029,94,A24
M0824,Eternal Covenant: Part II,2018,Biography,History,UK,34.78,52.63,8.5,91,49742,117,20th Century Studios
M0825,Iron Harbor: Part II,2017,Fantasy,Fairy Tale,China,199.56,381.42,7.1,70,266180,127,A24
M0826,Wild Storm: Origins,2006,Horror,Supernatural,Germany,17.03,70.12,5.8,53,39058,100,Warner Bros
M0827,Rising Verdict: Revolution,2018,Thriller,Crime,China,59.92,151.88,5.3,47,123378,90,Universal
M0828,Shattered Symphony: Part II,2022,Horror,Supernatural,India,13.13,76.45,6.1,65,54987,86,Warner Bros
M0829,Crimson Covenant: Part II,2022,Comedy,Crime,Japan,112.07,575.75,6.8,71,462993,96,Paramount
M0830,Broken Symphony: Origins,2005,Sci-Fi,Mystery,Canada,121.08,368.56,6.0,58,191450,134,Sony Pictures
M0831,Broken Requiem: Origins,2009,Animation,Adventure,UK,139.86,345.5,5.9,70,211433,127,MGM
M0832,Lost Covenant: Awakening,2009,Action,Superhero,USA,74.07,52.76,6.9,79,30999,115,A24
M0833,Hidden Symphony: Awakening,2014,Comedy,Romance,Germany,48.55,164.93,5.7,46,155696,112,20th Century Studios
M0834,Velvet Journey: Revolution,2007,Horror,Thriller,USA,15.32,88.65,5.4,48,58432,105,Paramount
M0835,Burning Echo: Origins,2022,Horror,Thriller,China,28.24,326.23,4.9,45,166214,102,Disney
M0836,Velvet Promise: Awakening,2020,Comedy,Family,USA,72.19,68.33,5.2,52,71926,110,20th Century Studios
M0837,Velvet Reckoning: Rebirth,2021,Horror,Supernatural,USA,26.5,130.33,6.1,59,100859,91,Lionsgate
M0838,Eternal Journey: Awakening,2008,Sci-Fi,Superhero,South Korea,121.97,702.01,7.6,81,317068,138,Paramount
M0839,Silent Shadow: Origins,2005,Sci-Fi,Superhero,China,73.7,152.15,6.6,67,113112,138,Universal
M0840,Hidden Empire: Origins,2023,Thriller,Psychological,UK,45.11,74.38,7.5,81,53537,114,20th Century Studios
M0841,Last Storm: Part II,2010,Biography,Sports,USA,32.94,41.41,7.7,95,34781,127,20th Century Studios
M0842,Frozen Inferno: Awakening,2018,Thriller,Crime,USA,26.03,883.78,7.3,76,628910,75,Paramount
M0843,Eternal Reckoning: Revolution,2023,Thriller,Crime,USA,146.03,49.11,7.6,57,38326,130,MGM
M0844,Golden Labyrinth: Origins,2005,Drama,Crime,France,8.68,14.11,8.2,84,7806,122,Legendary Pictures
M0845,Frozen Horizon: Rebirth,2005,Horror,Mystery,China,6.49,41.28,7.3,81,13196,75,Legendary Pictures
M0846,Iron Legacy: Origins,2005,Biography,Drama,China,20.5,10.17,7.3,76,9353,105,Lionsgate
M0847,Silent Inferno: Part II,2008,Animation,Adventure,Canada,142.86,350.27,6.9,55,176184,93,20th Century Studios
M0848,Eternal Symphony: Awakening,2006,Sci-Fi,Mystery,China,144.46,411.61,6.7,31,291826,136,MGM
M0849,Forgotten Storm: Origins,2021,Action,Adventure,China,170.13,432.72,6.3,31,211896,142,A24
M0850,Whispering Reckoning: Origins,2017,Animation,Adventure,South Korea,161.81,640.04,6.7,65,183029,95,Disney
M0851,Rising Inferno: Origins,2024,Comedy,Family,France,65.28,194.6,6.7,64,115760,132,20th Century Studios
M0852,Broken Journey: Awakening,2021,Thriller,Psychological,France,39.93,33.74,4.8,59,33860,134,Lionsgate
M0853,Broken Echo: Part II,2024,Drama,Family,France,26.22,124.38,6.9,67,117232,142,Warner Bros
M0854,Endless Inferno: Awakening,2009,Horror,Slasher,South Korea,45.24,253.57,5.5,50,119709,75,Paramount
M0855,Burning Empire: Rebirth,2010,Drama,Family,USA,48.12,94.94,7.2,65,84424,120,MGM
M0856,Last Shadow: Rebirth,2021,Comedy,Romance,UK,62.88,106.78,5.3,59,87529,75,Paramount
M0857,Shattered Kingdom: Rebirth,2009,Action,Superhero,China,300.0,104.35,6.3,63,91104,124,Lionsgate
M0858,Whispering Requiem: Rebirth,2006,Sci-Fi,Mystery,Japan,165.62,421.34,7.2,72,212071,171,A24
M0859,Iron Odyssey: Rebirth,2018,Drama,Family,South Korea,37.94,27.79,6.7,75,9004,105,Lionsgate
M0860,Whispering Echo: Rebirth,2021,Biography,Drama,Germany,45.05,85.36,7.3,71,73569,108,Paramount
M0861,Golden Ascension: Awakening,2024,Thriller,Mystery,Germany,84.57,81.89,7.3,78,78082,133,Warner Bros
M0862,Dark Verdict: Part II,2023,Action,War,India,248.0,1166.36,7.2,60,495736,119,Disney
M0863,Burning Mirage: Awakening,2007,Thriller,Crime,South Korea,39.99,1077.99,6.6,74,334393,125,Universal
M0864,Sacred Horizon: Origins,2020,Drama,History,France,40.36,19.83,7.0,73,42641,82,Universal
M0865,Last Kingdom: Origins,2021,Horror,Slasher,Canada,28.64,83.07,7.4,23,49300,102,Legendary Pictures
M0866,Dark Symphony: Revolution,2018,Action,Adventure,India,300.0,942.93,6.6,75,498173,142,Sony Pictures
M0867,Last Shadow: Awakening,2021,Action,Adventure,USA,292.72,2260.13,6.8,69,1200000,138,MGM
M0868,Sacred Covenant: Part II,2021,Animation,Adventure,China,113.02,256.07,5.7,49,161362,97,Universal
M0869,Endless Promise,2013,Sci-Fi,Dystopian,South Korea,300.0,1082.48,5.7,37,832850,152,A24
M0870,Hidden Labyrinth: Origins,2005,Horror,Slasher,India,15.19,54.79,6.8,61,77457,97,MGM
M0871,Lost Ascension: Origins,2014,Biography,War,USA,41.79,38.21,7.6,73,35239,110,Sony Pictures
M0872,Crimson Storm: Origins,2009,Biography,Drama,USA,55.56,57.55,7.0,63,28132,122,Sony Pictures
M0873,Hidden Reckoning: Awakening,2007,Horror,Thriller,USA,10.09,122.77,6.2,66,91322,104,Lionsgate
M0874,Sacred Kingdom: Awakening,2007,Thriller,Noir,South Korea,35.21,67.78,6.1,64,33727,115,Universal
M0875,Last Empire: Revolution,2018,Fantasy,Romance,USA,84.07,263.64,6.2,49,237902,151,MGM
M0876,Wild Journey: Awakening,2015,Action,Adventure,Canada,300.0,143.33,6.0,53,96481,136,Universal
M0877,Forgotten Covenant: Part II,2015,Comedy,Musical,USA,31.58,283.28,4.7,53,162023,96,Disney
M0878,Silent Odyssey: Revolution,2019,Animation,Adventure,Germany,74.73,226.19,6.8,68,254471,108,Warner Bros
M0879,Endless Harbor: Awakening,2015,Biography,History,China,54.23,120.64,8.5,19,114089,127,20th Century Studios
M0880,Sacred Empire: Origins,2017,Horror,Slasher,India,33.06,267.5,4.6,40,220223,95,Disney
M0881,Burning Echo: Rebirth,2006,Action,Crime,USA,122.42,553.83,7.6,85,168622,143,MGM
M0882,Velvet Empire: Part II,2022,Horror,Mystery,USA,28.14,113.22,4.4,42,96624,116,A24
M0883,Sacred Harbor: Awakening,2013,Comedy,Musical,USA,107.61,253.97,8.1,82,86282,104,Legendary Pictures
M0884,Broken Horizon: Awakening,2008,Animation,Comedy,USA,179.67,450.78,6.5,73,346694,110,Universal
M0885,Wild Harbor: Rebirth,2021,Horror,Mystery,Canada,18.86,653.07,5.7,63,444028,119,Universal
M0886,Shattered Journey: Origins,2019,Drama,Crime,USA,86.33,2603.82,7.0,76,1200000,142,MGM
M0887,Last Kingdom: Awakening,2006,Fantasy,Fairy Tale,India,193.28,441.48,6.2,66,247622,159,20th Century Studios
M0888,Wild Echo: Origins,2008,Fantasy,Romance,South Korea,147.11,356.98,6.1,60,355276,141,Sony Pictures
M0889,Iron Legacy: Rebirth,2005,Comedy,Family,India,31.42,58.07,5.3,58,62972,116,A24
M0890,Velvet Harbor: Origins,2010,Drama,History,USA,31.51,61.4,7.1,74,38932,121,20th Century Studios
M0891,Shattered Labyrinth: Part II,2006,Animation,Musical,USA,109.59,422.41,6.7,31,591633,116,Disney
M0892,Burning Harbor: Revolution,2019,Sci-Fi,Superhero,France,107.36,177.59,5.7,56,145823,150,Legendary Pictures
M0893,Broken Mirage: Rebirth,2015,Drama,Romance,India,35.12,74.34,6.6,64,26150,120,Lionsgate
M0894,Sacred Ascension: Revolution,2024,Thriller,Noir,South Korea,37.24,50.16,6.9,71,19056,127,MGM
M0895,Crimson Covenant: Revolution,2019,Comedy,Family,USA,25.49,86.31,3.6,45,84249,85,MGM
M0896,Crimson Promise: Revolution,2017,Biography,History,Canada,27.35,66.09,9.6,80,22224,136,20th Century Studios
M0897,Frozen Ascension: Origins,2015,Comedy,Crime,USA,55.13,111.87,6.1,55,39886,114,Warner Bros
M0898,Iron Echo: Origins,2006,Biography,Drama,South Korea,54.03,49.64,6.1,72,62472,122,Universal
M0899,Golden Requiem: Part II,2006,Drama,Romance,India,44.61,39.89,7.1,72,28494,134,Legendary Pictures
M0900,Velvet Labyrinth: Revolution,2017,Action,Adventure,Germany,176.67,519.58,6.5,74,250213,134,Disney
M0901,Last Empire: Part II,2005,Drama,Crime,USA,19.39,19.11,6.0,55,11135,133,MGM
M0902,Lost Kingdom: Part II,2005,Animation,Adventure,South Korea,137.3,119.27,7.5,74,67566,89,Warner Bros
M0903,Golden Ascension: Part II,2009,Biography,Sports,Canada,26.88,11.25,8.1,83,5507,120,Lionsgate
M0904,Frozen Storm: Part II,2022,Comedy,Musical,USA,27.28,66.51,7.4,75,54481,92,Disney
M0905,Sacred Storm: Rebirth,2014,Horror,Mystery,France,18.6,157.92,6.3,42,63911,103,20th Century Studios
M0906,Endless Horizon: Part II,2019,Horror,Thriller,USA,11.23,62.11,6.1,50,60683,107,Paramount
M0907,Golden Harbor: Awakening,2013,Biography,War,France,37.99,32.5,6.5,72,34633,108,Disney
M0908,Silent Echo: Rebirth,2008,Biography,History,UK,30.36,34.22,5.8,57,12688,131,MGM
M0909,Crimson Storm: Revolution,2012,Animation,Musical,Germany,151.44,558.11,6.5,71,330064,75,Paramount
M0910,Whispering Empire: Origins,2006,Comedy,Romance,Canada,74.71,283.19,6.3,61,123668,93,MGM
M0911,Forgotten Symphony: Origins,2020,Thriller,Mystery,Japan,74.08,45.72,6.9,84,20132,117,Disney
M0912,Frozen Ascension: Part II,2008,Horror,Mystery,Japan,8.93,182.41,5.7,64,136129,87,Paramount
M0913,Last Ascension: Rebirth,2012,Fantasy,Fairy Tale,UK,123.95,222.15,6.1,52,120658,165,Universal
M0914,Broken Harbor: Rebirth,2024,Drama,Crime,Germany,52.46,76.9,6.3,61,47445,138,Universal
M0915,Eternal Legacy: Awakening,2016,Action,Crime,South Korea,107.87,371.63,6.9,81,275900,138,Legendary Pictures
M0916,Rising Covenant: Origins,2014,Animation,Adventure,India,175.54,362.46,6.2,54,277215,84,Paramount
M0917,Broken Promise: Revolution,2015,Biography,History,USA,44.44,63.58,5.1,65,97279,116,Disney
M0918,Endless Echo: Origins,2020,Sci-Fi,Adventure,South Korea,98.19,86.89,4.6,49,39996,126,A24
M0919,Shattered Ascension: Origins,2010,Thriller,Crime,UK,24.8,65.86,6.9,45,44214,104,A24
M0920,Shattered Odyssey: Rebirth,2017,Thriller,Mystery,Canada,30.45,53.57,5.9,62,56369,128,20th Century Studios
M0921,Endless Ascension: Origins,2022,Thriller,Crime,UK,41.34,131.98,6.3,60,73738,110,Paramount
M0922,Hidden Journey: Part II,2016,Drama,Romance,China,72.83,140.77,7.3,72,150015,150,Disney
M0923,Endless Odyssey: Origins,2013,Sci-Fi,Dystopian,UK,116.53,280.5,6.3,64,187608,128,Lionsgate
M0924,Frozen Empire: Rebirth,2007,Biography,Drama,China,61.12,36.61,6.3,60,50212,118,Disney
M0925,Eternal Shadow: Revolution,2009,Animation,Comedy,USA,175.79,930.16,6.8,66,589311,80,Legendary Pictures
M0926,Forgotten Inferno: Awakening,2023,Horror,Slasher,South Korea,28.81,357.61,5.6,55,328069,103,Warner Bros
M0927,Rising Labyrinth: Revolution,2015,Biography,Drama,USA,20.13,39.98,7.3,65,26704,102,Lionsgate
M0928,Endless Horizon: Awakening,2011,Comedy,Romance,USA,79.23,1560.44,6.3,77,1042715,102,Universal
M0929,Iron Journey: Origins,2013,Biography,War,Japan,30.36,30.99,6.7,53,16768,141,A24
M0930,Endless Kingdom: Awakening,2016,Animation,Adventure,UK,92.73,196.62,6.8,81,61875,126,A24
M0931,Endless Reckoning: Revolution,2015,Drama,Crime,UK,27.71,26.84,8.0,82,20285,112,Warner Bros
M0932,Crimson Shadow: Revolution,2018,Sci-Fi,Dystopian,Japan,145.77,995.7,7.0,74,520597,106,A24
M0933,Eternal Ascension: Rebirth,2010,Action,Superhero,India,300.0,1637.49,4.9,47,1200000,116,20th Century Studios
M0934,Iron Empire: Revolution,2017,Biography,History,USA,45.54,44.36,7.3,55,32469,115,20th Century Studios
M0935,Shattered Odyssey: Revolution,2013,Sci-Fi,Superhero,USA,235.85,246.6,6.2,69,153633,119,Legendary Pictures
M0936,Dark Storm: Revolution,2023,Action,War,India,190.37,1626.21,6.3,62,527966,147,20th Century Studios
M0937,Sacred Odyssey: Origins,2008,Comedy,Musical,UK,34.54,53.22,5.9,65,23884,108,Warner Bros
M0938,Crimson Mirage: Origins,2007,Sci-Fi,Superhero,Japan,146.54,745.64,5.8,59,331727,131,Warner Bros
M0939,Forgotten Symphony: Rebirth,2014,Drama,Romance,Germany,15.24,49.15,6.5,73,26000,112,A24
M0940,Lost Horizon: Rebirth,2015,Sci-Fi,Mystery,Canada,291.72,1378.57,6.7,72,680191,134,20th Century Studios
M0941,Sacred Shadow: Awakening,2018,Sci-Fi,Adventure,Japan,134.17,642.56,5.9,70,363475,135,Disney
M0942,Hidden Legacy: Rebirth,2013,Sci-Fi,Superhero,UK,226.8,633.49,6.2,62,251356,147,MGM
M0943,Velvet Covenant: Awakening,2023,Sci-Fi,Dystopian,Germany,189.14,634.05,7.2,72,361139,163,MGM
M0944,Sacred Reckoning: Rebirth,2014,Animation,Adventure,Germany,114.12,385.01,5.9,52,335381,93,Legendary Pictures
M0945,Crimson Covenant: Rebirth,2007,Fantasy,Romance,Japan,114.87,208.26,7.4,85,76734,154,20th Century Studios
M0946,Iron Requiem: Part II,2007,Animation,Musical,China,84.82,661.72,7.2,70,457137,105,A24
M0947,Velvet Journey: Rebirth,2024,Fantasy,Mystery,Germany,133.54,483.59,7.2,64,195766,148,Universal
M0948,Rising Labyrinth: Part II,2007,Fantasy,Mystery,India,74.9,130.56,6.8,66,72383,131,Paramount
M0949,Wild Shadow: Revolution,2023,Biography,Drama,France,27.57,54.5,8.3,82,49040,129,20th Century Studios
M0950,Shattered Horizon: Revolution,2010,Sci-Fi,Dystopian,UK,60.01,203.08,9.1,91,150274,133,Disney
M0951,Rising Harbor: Part II,2006,Sci-Fi,Adventure,Germany,280.76,1077.69,4.7,51,596202,163,Warner Bros
M0952,Lost Promise: Revolution,2011,Sci-Fi,Superhero,USA,91.24,277.85,5.4,63,155223,124,Sony Pictures
M0953,Eternal Inferno: Origins,2017,Drama,Family,South Korea,23.11,29.72,8.5,85,14114,114,Warner Bros
M0954,Frozen Legacy: Origins,2013,Fantasy,Romance,India,58.75,82.97,6.5,72,98567,135,Legendary Pictures
M0955,Dark Promise: Part II,2020,Thriller,Noir,Canada,42.0,34.45,5.4,61,13206,143,Sony Pictures
M0956,Rising Echo: Origins,2017,Action,Adventure,USA,139.66,854.27,5.3,57,473005,149,Sony Pictures
M0957,Eternal Horizon: Revolution,2013,Biography,War,USA,47.65,151.72,9.0,89,62659,120,Paramount
M0958,Broken Odyssey: Origins,2017,Fantasy,Mystery,USA,232.2,334.47,6.2,63,220478,138,Warner Bros
M0959,Burning Legacy: Rebirth,2024,Horror,Thriller,USA,74.68,1786.97,5.4,61,1200000,104,Legendary Pictures
M0960,Rising Legacy: Revolution,2013,Animation,Musical,India,133.54,424.59,5.5,44,266037,77,Paramount
M0961,Shattered Legacy,2008,Animation,Musical,Germany,59.05,356.76,7.0,69,229064,86,Warner Bros
M0962,Lost Inferno: Awakening,2013,Biography,Drama,India,25.9,20.89,8.3,86,19644,123,Legendary Pictures
M0963,Burning Shadow: Origins,2021,Drama,Family,Canada,37.15,50.77,6.5,80,71667,116,MGM
M0964,Crimson Symphony: Origins,2009,Fantasy,Romance,USA,113.16,409.99,7.0,78,317099,130,Disney
M0965,Iron Echo: Rebirth,2023,Animation,Musical,Japan,300.0,1146.66,7.0,67,1200000,100,MGM
M0966,Eternal Kingdom: Rebirth,2016,Fantasy,Mystery,Japan,93.11,163.06,7.8,82,84846,169,Warner Bros
M0967,Sacred Shadow: Rebirth,2017,Sci-Fi,Dystopian,China,187.14,402.13,6.6,54,264829,146,Universal
M0968,Forgotten Reckoning: Rebirth,2011,Action,Adventure,Japan,137.98,326.35,5.7,62,213737,117,Disney
M0969,Eternal Horizon: Awakening,2023,Horror,Supernatural,India,58.75,805.72,4.5,50,463782,106,Warner Bros
M0970,Frozen Requiem: Part II,2005,Action,Superhero,USA,63.93,193.78,6.5,78,155200,125,MGM
M0971,Frozen Verdict: Awakening,2010,Action,War,Germany,78.03,131.25,7.1,79,76084,119,Lionsgate
M0972,Lost Ascension: Part II,2013,Biography,Sports,USA,19.98,24.09,8.0,77,10995,123,Universal
M0973,Dark Odyssey: Part II,2014,Thriller,Crime,India,37.94,179.13,6.4,57,56449,111,Legendary Pictures
M0974,Shattered Promise: Part II,2014,Thriller,Crime,India,32.19,124.54,6.2,75,76003,113,20th Century Studios
M0975,Silent Symphony: Part II,2007,Drama,Crime,Canada,35.36,12.68,7.4,73,12793,134,Sony Pictures
M0976,Broken Odyssey: Rebirth,2009,Biography,Drama,Canada,20.17,45.42,7.1,64,26253,126,Paramount
M0977,Broken Shadow: Revolution,2006,Horror,Mystery,USA,30.87,168.85,6.0,66,119920,106,Sony Pictures
M0978,Golden Empire: Rebirth,2016,Horror,Slasher,USA,37.79,293.93,5.9,68,174975,96,Sony Pictures
M0979,Lost Horizon: Origins,2012,Biography,War,USA,78.77,229.08,7.3,70,177565,143,Legendary Pictures
M0980,Broken Ascension: Rebirth,2016,Fantasy,Fairy Tale,India,168.62,91.6,6.7,67,63667,136,Universal
M0981,Silent Reckoning: Part II,2016,Action,War,USA,179.85,475.16,7.3,82,238201,145,Legendary Pictures
M0982,Iron Mirage: Part II,2019,Drama,Romance,China,49.88,91.02,6.1,66,177994,124,20th Century Studios
M0983,Whispering Reckoning: Awakening,2015,Drama,Romance,India,62.62,145.2,7.4,75,44902,108,Lionsgate
M0984,Velvet Ascension: Awakening,2017,Biography,History,India,27.55,38.47,5.5,51,25823,125,A24
M0985,Shattered Verdict: Awakening,2016,Thriller,Noir,USA,39.5,67.93,7.8,82,44953,109,A24
M0986,Velvet Echo: Part II,2018,Fantasy,Mystery,UK,150.96,299.75,5.7,65,117138,139,Universal
M0987,Forgotten Ascension: Rebirth,2017,Animation,Family,France,133.39,551.82,5.3,53,370548,111,Paramount
M0988,Crimson Shadow: Rebirth,2011,Horror,Slasher,Germany,48.28,467.02,7.0,90,256663,104,20th Century Studios
M0989,Dark Requiem: Revolution,2009,Fantasy,Adventure,India,190.95,349.37,6.5,30,137580,145,A24
M0990,Sacred Inferno: Part II,2020,Thriller,Psychological,USA,42.58,48.38,6.2,48,22921,100,20th Century Studios
M0991,Burning Ascension: Awakening,2011,Drama,Family,USA,19.83,549.12,7.4,81,427117,127,MGM
M0992,Silent Ascension: Origins,2015,Drama,Family,USA,42.74,77.12,8.1,88,84695,125,Sony Pictures
M0993,Golden Shadow: Revolution,2008,Drama,History,Germany,9.48,11.46,6.9,40,4529,135,Universal
M0994,Dark Echo: Part II,2013,Drama,History,Canada,58.5,50.8,6.2,61,18132,115,Disney
M0995,Golden Odyssey: Rebirth,2015,Fantasy,Adventure,USA,191.58,739.96,7.3,70,385123,143,Sony Pictures
M0996,Broken Shadow: Rebirth,2017,Sci-Fi,Mystery,China,300.0,217.44,5.7,57,120663,125,Sony Pictures
M0997,Sacred Symphony: Origins,2015,Fantasy,Fairy Tale,USA,135.11,267.43,6.5,69,130126,140,Legendary Pictures
M0998,Frozen Horizon: Part II,2012,Fantasy,Fairy Tale,USA,123.53,318.15,4.9,54,286972,136,Paramount
M0999,Crimson Reckoning: Revolution,2024,Thriller,Crime,South Korea,81.94,347.1,5.4,52,171083,105,Lionsgate
M1000,Eternal Verdict: Origins,2015,Biography,History,China,68.51,35.23,9.0,87,31805,126,MGM
M1001,Iron Covenant: Rebirth,2021,Horror,Thriller,India,10.06,17.62,6.2,22,15834,95,Warner Bros
M1002,Silent Legacy: Part II,2019,Animation,Family,USA,171.21,645.96,6.7,73,284062,105,Warner Bros
M1003,Burning Labyrinth: Revolution,2016,Action,Adventure,South Korea,162.33,626.7,8.0,85,267336,148,Lionsgate
M1004,Whispering Kingdom: Origins,2022,Sci-Fi,Superhero,USA,155.05,384.0,6.4,57,343456,156,Lionsgate
M1005,Sacred Legacy: Origins,2007,Comedy,Crime,India,32.33,84.23,6.2,67,45086,85,Warner Bros
M1006,Shattered Journey: Awakening,2023,Biography,War,China,45.01,98.06,6.8,50,69933,118,Warner Bros
M1007,Silent Odyssey: Awakening,2022,Thriller,Noir,USA,62.16,279.57,6.8,33,281959,118,MGM
M1008,Silent Verdict: Part II,2015,Thriller,Crime,China,39.87,74.34,5.4,64,37137,120,A24
M1009,Endless Kingdom: Revolution,2019,Sci-Fi,Mystery,China,175.33,702.42,6.3,59,454409,131,20th Century Studios
M1010,Golden Horizon: Awakening,2015,Fantasy,Romance,India,121.72,266.78,5.3,48,136857,141,20th Century Studios
M1011,Whispering Mirage: Part II,2010,Thriller,Mystery,USA,50.3,131.61,6.9,73,60212,110,Sony Pictures
M1012,Crimson Mirage: Awakening,2020,Action,War,Canada,108.78,116.74,6.5,60,54468,137,Disney
M1013,Crimson Covenant 790,2009,Action,Crime,USA,63.65,263.66,6.1,32,164164,117,Disney
M1014,Rising Shadow: Origins,2011,Drama,Romance,UK,24.61,33.03,8.1,68,58913,142,A24
M1015,Velvet Horizon: Origins,2015,Action,Adventure,Germany,46.15,137.37,5.9,57,118501,128,Warner Bros
M1016,Crimson Horizon: Awakening,2021,Horror,Slasher,USA,21.1,366.73,5.7,60,118010,86,Universal
M1017,Velvet Promise: Origins,2012,Action,Adventure,UK,300.0,639.14,6.4,61,659670,138,20th Century Studios
M1018,Shattered Echo: Awakening,2014,Action,Superhero,USA,197.84,283.59,5.3,50,81206,129,A24
M1019,Frozen Echo: Origins,2005,Drama,Family,Canada,36.15,27.3,8.5,97,19869,112,Disney
M1020,Broken Requiem: Awakening,2007,Sci-Fi,Mystery,Canada,79.16,261.12,6.1,53,109823,130,20th Century Studios
M1021,Wild Empire: Awakening,2006,Action,Adventure,UK,106.78,439.9,5.8,70,395975,113,Lionsgate
M1022,Crimson Harbor: Awakening,2006,Horror,Slasher,UK,9.78,119.83,5.4,51,117291,102,Universal
M1023,Iron Legacy: Revolution,2022,Action,War,USA,300.0,741.96,6.7,61,275888,125,Legendary Pictures
M1024,Wild Odyssey: Origins,2021,Comedy,Crime,USA,42.54,75.3,4.4,43,85904,126,Disney
M1025,Shattered Reckoning: Rebirth,2021,Horror,Slasher,Germany,17.06,33.14,6.2,46,24057,113,MGM
M1026,Lost Inferno: Part II,2006,Comedy,Family,USA,82.19,63.94,6.8,67,21147,97,MGM
M1027,Hidden Horizon: Revolution,2006,Comedy,Romance,South Korea,47.13,121.94,7.5,82,43769,93,20th Century Studios
M1028,Endless Shadow: Origins,2010,Animation,Comedy,France,62.12,437.96,6.3,74,254336,104,Paramount
M1029,Eternal Shadow: Rebirth,2016,Animation,Family,Japan,115.85,616.56,7.0,67,317501,109,Disney
M1030,Sacred Harbor: Revolution,2011,Action,Crime,China,98.87,383.65,6.4,68,124202,126,Lionsgate
M1031,Endless Symphony: Part II,2014,Animation,Adventure,India,277.26,2207.97,7.8,75,1200000,96,Disney
M1032,Crimson Labyrinth: Awakening,2008,Drama,Family,India,23.24,23.67,8.8,88,8883,138,Legendary Pictures
M1033,Dark Shadow: Rebirth,2019,Fantasy,Adventure,France,197.22,1649.82,6.4,62,1200000,131,Lionsgate
M1034,Crimson Empire: Origins,2011,Drama,Family,India,20.86,29.74,6.2,72,19915,132,Universal
M1035,Broken Ascension: Origins,2006,Thriller,Psychological,China,24.51,86.64,6.0,52,37130,89,20th Century Studios
M1036,Shattered Covenant: Part II,2019,Fantasy,Adventure,USA,81.17,176.57,7.0,68,85741,149,Sony Pictures
M1037,Whispering Covenant: Revolution,2023,Action,Adventure,China,190.3,1802.46,6.2,65,1200000,118,Legendary Pictures
M1038,Burning Requiem: Rebirth,2005,Drama,Crime,USA,20.17,44.33,7.1,75,21522,123,20th Century Studios
M1039,Forgotten Covenant: Origins,2013,Fantasy,Adventure,South Korea,222.95,402.72,7.1,68,181184,146,Lionsgate
M1040,Crimson Requiem: Rebirth,2021,Action,Adventure,Germany,181.64,230.3,6.7,67,146725,130,20th Century Studios
M1041,Crimson Symphony: Awakening,2019,Horror,Thriller,South Korea,22.62,100.99,5.7,50,105794,127,Warner Bros
M1042,Forgotten Empire: Rebirth,2022,Biography,Sports,South Korea,51.22,122.64,5.6,38,49750,126,Legendary Pictures
M1043,Shattered Mirage: Rebirth,2013,Horror,Thriller,South Korea,16.72,100.07,6.6,58,62613,101,Paramount
M1044,Crimson Odyssey: Revolution,2012,Comedy,Musical,USA,49.52,80.76,7.2,71,36771,125,20th Century Studios
M1045,Golden Kingdom: Rebirth,2019,Horror,Mystery,India,29.75,175.45,5.5,60,39257,95,Universal
M1046,Velvet Promise: Part II,2008,Fantasy,Romance,Canada,30.22,135.01,7.4,88,44412,139,Legendary Pictures
M1047,Rising Kingdom: Part II,2009,Comedy,Family,India,32.46,64.63,5.1,62,47349,129,A24
M1048,Golden Harbor: Rebirth,2017,Animation,Musical,USA,135.34,276.24,8.3,84,201179,98,Disney
M1049,Silent Kingdom: Rebirth,2018,Sci-Fi,Superhero,USA,138.83,455.33,5.3,60,420328,137,Sony Pictures
M1050,Iron Promise: Part II,2007,Comedy,Family,Japan,33.89,59.83,5.0,55,28920,90,Warner Bros
M1051,Frozen Inferno: Part II,2015,Fantasy,Adventure,USA,143.07,418.02,4.9,48,200425,153,MGM
M1052,Burning Symphony: Awakening,2012,Action,Crime,China,131.23,418.11,6.4,57,329741,131,Legendary Pictures
M1053,Dark Journey: Part II,2015,Drama,History,Japan,20.25,27.29,6.0,67,14232,119,A24
M1054,Frozen Verdict: Revolution,2024,Biography,Sports,Germany,49.1,43.64,6.4,54,60392,119,MGM
M1055,Whispering Legacy: Part II,2006,Animation,Adventure,India,74.06,287.51,6.3,68,143752,83,Sony Pictures
M1056,Crimson Legacy: Awakening,2024,Biography,War,USA,48.23,250.62,7.8,74,397966,140,A24
M1057,Eternal Requiem: Part II,2013,Action,Superhero,UK,71.47,140.7,6.3,60,50208,128,Legendary Pictures
M1058,Wild Shadow: Part II,2020,Drama,Crime,France,68.18,25.13,7.0,38,13597,122,Sony Pictures
M1059,Hidden Kingdom: Rebirth,2013,Animation,Musical,UK,67.58,216.87,6.4,65,172862,82,Lionsgate
M1060,Wild Requiem: Revolution,2011,Animation,Comedy,China,124.3,471.53,8.2,79,194821,89,Universal
M1061,Silent Kingdom: Origins,2020,Drama,History,UK,33.24,23.85,6.5,51,22159,116,Universal
M1062,Wild Symphony: Rebirth,2018,Comedy,Romance,USA,51.73,224.74,7.7,29,190328,123,Disney
M1063,Broken Legacy: Part II,2007,Animation,Comedy,India,228.81,1818.42,7.8,83,746441,94,Universal
M1064,Golden Empire: Awakening,2019,Sci-Fi,Adventure,USA,158.56,671.69,5.9,58,759302,111,A24
M1065,Iron Promise: Awakening,2020,Fantasy,Romance,USA,144.44,230.45,7.6,78,89943,163,Sony Pictures
M1066,Iron Labyrinth: Rebirth,2012,Action,Crime,USA,300.0,1517.62,6.7,77,629842,117,20th Century Studios
M1067,Whispering Promise: Rebirth,2023,Horror,Thriller,Japan,44.25,113.51,6.3,41,43399,125,Universal
M1068,Velvet Storm 616,2017,Sci-Fi,Mystery,Japan,300.0,678.12,6.1,53,437637,125,Disney
M1069,Dark Ascension: Rebirth,2011,Thriller,Crime,Japan,28.61,76.23,5.7,49,53832,107,Legendary Pictures
M1070,Iron Verdict: Awakening,2005,Action,Adventure,USA,105.92,269.37,7.1,78,86164,124,Paramount
M1071,Frozen Shadow: Part II,2018,Comedy,Musical,USA,50.34,151.93,4.8,41,90607,98,A24
M1072,Wild Harbor: Revolution,2009,Animation,Adventure,Japan,79.52,373.71,5.6,45,176851,93,Universal
M1073,Wild Inferno: Part II,2020,Thriller,Crime,India,30.14,20.56,6.0,57,12888,119,Sony Pictures
M1074,Silent Reckoning: Revolution,2015,Fantasy,Fairy Tale,UK,278.07,976.11,5.7,58,813143,144,Lionsgate
M1075,Broken Odyssey: Revolution,2014,Horror,Supernatural,South Korea,14.54,117.63,5.8,69,79250,112,A24
M1076,Iron Reckoning: Origins,2008,Thriller,Noir,USA,38.75,85.85,6.1,73,42135,112,A24
M1077,Shattered Horizon: Awakening,2019,Biography,History,India,34.64,9.73,9.4,88,5027,142,Universal
M1078,Endless Inferno: Part II,2008,Biography,History,USA,34.63,72.78,5.5,69,45187,118,Paramount
M1079,Sacred Mirage: Part II,2013,Action,Adventure,Japan,192.43,830.01,6.7,74,845173,138,Paramount
M1080,Hidden Legacy: Part II,2021,Comedy,Family,India,65.53,273.41,6.8,55,139108,139,Universal
M1081,Wild Symphony: Revolution,2023,Biography,Drama,USA,90.56,146.39,8.2,77,92880,139,Sony Pictures
M1082,Hidden Mirage: Origins,2024,Action,Adventure,South Korea,300.0,1377.55,7.3,58,924306,136,Lionsgate
M1083,Endless Journey: Awakening,2024,Sci-Fi,Dystopian,USA,225.71,1238.16,6.2,62,286383,156,Legendary Pictures
M1084,Silent Empire: Revolution,2016,Sci-Fi,Superhero,France,225.41,559.38,5.7,45,466911,152,MGM
M1085,Whispering Ascension: Part II,2009,Animation,Musical,USA,105.39,538.88,7.7,77,204565,89,Warner Bros
M1086,Whispering Symphony 410,2021,Biography,Drama,USA,64.73,60.52,6.4,52,36199,140,Sony Pictures
M1087,Dark Harbor: Origins,2021,Horror,Mystery,China,38.78,78.73,5.8,56,93708,105,20th Century Studios
M1088,Rising Mirage: Awakening,2024,Sci-Fi,Superhero,South Korea,112.21,506.14,7.4,72,376562,140,Legendary Pictures
M1089,Forgotten Labyrinth: Origins,2018,Action,Adventure,South Korea,194.8,863.37,7.0,22,749993,146,20th Century Studios
M1090,Hidden Covenant: Rebirth,2007,Thriller,Psychological,USA,46.1,36.69,6.2,63,19589,97,Lionsgate
M1091,Golden Storm: Awakening,2015,Thriller,Psychological,Canada,27.58,74.73,6.4,53,48406,119,Lionsgate
M1092,Whispering Horizon: Rebirth,2013,Sci-Fi,Adventure,Germany,203.37,461.51,5.8,53,248260,130,MGM
M1093,Endless Harbor: Origins,2021,Action,War,USA,189.83,374.46,6.1,59,170674,166,Lionsgate
M1094,Golden Requiem: Rebirth,2012,Animation,Family,France,94.13,1722.46,7.4,64,550514,109,MGM
M1095,Last Mirage: Awakening,2011,Thriller,Crime,China,71.06,117.65,5.9,71,102615,120,Paramount
M1096,Iron Storm: Rebirth,2006,Action,Crime,France,150.32,308.44,7.0,79,309919,130,Lionsgate
M1097,Hidden Journey: Rebirth,2021,Fantasy,Mystery,UK,238.71,506.81,6.6,67,294240,131,Paramount
M1098,Sacred Symphony: Part II,2020,Fantasy,Fairy Tale,USA,176.19,181.81,6.7,67,155670,155,Legendary Pictures
M1099,Iron Horizon: Awakening,2005,Fantasy,Fairy Tale,China,118.59,131.7,7.9,78,59917,137,Universal
M1100,Broken Labyrinth: Origins,2013,Horror,Supernatural,USA,14.93,174.48,7.0,34,131521,95,Warner Bros
M1101,Sacred Verdict: Rebirth,2014,Fantasy,Romance,Germany,144.42,353.89,6.7,64,214171,146,Sony Pictures
M1102,Last Labyrinth: Part II,2014,Comedy,Crime,UK,58.3,94.33,6.6,60,48598,98,Paramount
M1103,Crimson Odyssey: Rebirth,2023,Sci-Fi,Adventure,UK,123.58,684.85,5.7,52,327998,156,Legendary Pictures
M1104,Wild Promise: Rebirth,2008,Thriller,Psychological,UK,40.06,41.54,7.0,76,31969,120,Lionsgate
M1105,Eternal Empire: Awakening,2011,Animation,Family,USA,121.97,323.75,6.3,72,131036,107,Disney
M1106,Crimson Labyrinth: Origins,2008,Animation,Musical,South Korea,110.97,308.01,6.0,62,106897,92,MGM
M1107,Frozen Horizon: Awakening,2009,Drama,Romance,Canada,14.39,9.42,6.9,30,8960,106,Legendary Pictures
M1108,Lost Horizon: Part II,2023,Fantasy,Adventure,France,164.48,700.11,6.2,57,253662,148,Legendary Pictures
M1109,Frozen Labyrinth: Part II,2023,Fantasy,Adventure,Canada,215.94,431.15,7.2,69,173421,160,Legendary Pictures
M1110,Dark Promise: Origins,2005,Action,Superhero,Japan,88.46,444.62,4.6,57,428408,128,Paramount
M1111,Eternal Storm: Revolution,2017,Drama,History,South Korea,29.84,87.37,6.4,67,37602,93,Sony Pictures
M1112,Wild Horizon: Part II,2009,Comedy,Romance,China,48.36,49.68,6.4,70,20944,96,Lionsgate
M1113,Forgotten Journey: Awakening,2008,Thriller,Noir,China,35.22,37.38,6.2,63,45808,108,A24
M1114,Iron Legacy: Awakening,2010,Comedy,Family,Canada,29.12,118.23,5.1,52,107849,117,Universal
M1115,Lost Empire: Awakening,2008,Drama,Crime,Japan,22.55,41.6,7.6,72,54384,124,Warner Bros
M1116,Last Requiem: Rebirth,2014,Animation,Comedy,USA,157.03,766.0,7.6,65,263316,105,MGM
M1117,Endless Ascension: Rebirth,2024,Biography,Sports,USA,36.12,7.04,9.0,85,4649,145,Sony Pictures
M1118,Crimson Echo: Origins,2016,Horror,Thriller,USA,16.31,174.76,5.8,47,92281,104,Legendary Pictures
M1119,Last Echo: Awakening,2019,Action,Adventure,USA,300.0,747.76,7.4,86,388553,125,A24
M1120,Last Ascension: Revolution,2014,Biography,Drama,UK,45.38,39.83,7.5,74,28184,124,Universal
M1121,Last Reckoning: Origins,2005,Sci-Fi,Dystopian,Canada,134.24,335.11,6.0,56,156426,131,Universal
M1122,Endless Requiem: Origins,2006,Animation,Family,China,84.54,305.67,5.5,49,106176,92,Lionsgate
M1123,Lost Mirage: Revolution,2010,Drama,Family,India,59.85,88.35,7.4,70,32456,117,Universal
M1124,Frozen Odyssey: Part II,2009,Sci-Fi,Mystery,France,134.89,213.61,6.3,17,205975,120,20th Century Studios
M1125,Velvet Promise: Revolution,2021,Action,War,Germany,258.07,1082.97,7.7,82,398985,131,Lionsgate
M1126,Shattered Labyrinth: Origins,2021,Sci-Fi,Adventure,USA,300.0,618.57,8.6,84,342772,164,Disney
M1127,Lost Shadow: Rebirth,2022,Drama,History,South Korea,68.87,253.3,6.3,60,101421,111,20th Century Studios
M1128,Burning Requiem: Awakening,2017,Action,Superhero,USA,220.34,649.04,6.5,69,598990,112,Lionsgate
M1129,Hidden Labyrinth: Revolution,2016,Biography,Sports,Canada,34.1,62.41,7.8,88,18306,126,Legendary Pictures
M1130,Dark Storm: Awakening,2017,Fantasy,Mystery,USA,153.5,485.34,5.5,56,161072,140,Lionsgate
M1131,Iron Empire: Origins,2013,Comedy,Family,USA,58.71,95.67,5.7,53,58810,119,Warner Bros
M1132,Silent Promise: Origins,2018,Biography,Drama,USA,43.21,50.53,7.7,86,48114,136,20th Century Studios
M1133,Endless Storm: Rebirth,2020,Comedy,Musical,USA,66.67,34.76,5.3,51,17593,99,A24
M1134,Eternal Inferno: Part II,2020,Horror,Thriller,Germany,9.37,12.41,5.6,55,11005,90,Universal
M1135,Forgotten Symphony: Awakening,2017,Horror,Supernatural,Japan,16.78,169.36,5.7,49,60983,100,A24
M1136,Rising Storm: Origins,2006,Fantasy,Mystery,Germany,108.77,132.24,6.3,58,41118,143,Lionsgate
M1137,Hidden Verdict: Rebirth,2019,Thriller,Noir,USA,57.18,164.43,7.1,65,115609,117,MGM
M1138,Forgotten Verdict: Rebirth,2012,Sci-Fi,Superhero,India,300.0,386.56,5.7,77,96899,132,Sony Pictures
M1139,Golden Echo: Revolution,2019,Animation,Adventure,USA,109.25,110.83,7.2,78,62378,91,Paramount
M1140,Rising Mirage: Part II,2015,Action,Superhero,India,236.39,307.92,5.4,52,157448,124,MGM
M1141,Golden Kingdom: Part II,2022,Drama,Family,South Korea,21.38,37.47,7.1,34,32263,126,Universal
M1142,Hidden Horizon: Rebirth,2011,Thriller,Mystery,South Korea,24.62,57.95,6.0,59,27568,126,Sony Pictures
M1143,Frozen Covenant: Revolution,2023,Fantasy,Romance,Germany,300.0,1970.5,7.0,64,1200000,121,Warner Bros
M1144,Endless Mirage: Revolution,2021,Animation,Musical,India,155.61,279.16,8.0,74,220010,98,Disney
M1145,Forgotten Ascension: Revolution,2011,Biography,Drama,China,21.45,25.69,8.2,84,27815,140,Paramount
M1146,Forgotten Covenant: Awakening,2014,Drama,Crime,South Korea,31.86,15.77,6.3,68,10535,101,Lionsgate
M1147,Velvet Journey: Part II,2015,Comedy,Crime,China,52.99,248.57,5.5,51,168062,104,Lionsgate
M1148,Frozen Reckoning: Origins,2020,Drama,History,India,33.82,42.9,6.5,66,27738,128,A24
M1149,Iron Horizon: Origins,2018,Drama,Crime,USA,50.71,94.1,7.9,80,49675,126,A24
M1150,Golden Legacy: Origins,2022,Thriller,Noir,South Korea,45.47,162.55,6.8,61,43057,121,Lionsgate
M1151,Whispering Labyrinth: Rebirth,2012,Animation,Comedy,India,93.46,50.48,6.9,70,28248,75,MGM
M1152,Lost Symphony: Awakening,2015,Biography,War,South Korea,45.41,78.8,8.1,80,30482,125,Lionsgate
M1153,Shattered Echo 118,2013,Horror,Mystery,France,16.96,48.75,4.2,35,29245,114,Universal
M1154,Eternal Odyssey: Part II,2023,Animation,Comedy,UK,170.02,572.11,5.5,61,280743,78,MGM
M1155,Lost Requiem: Revolution,2011,Animation,Musical,India,115.14,445.74,6.4,51,170896,88,Warner Bros
M1156,Rising Harbor: Awakening,2016,Thriller,Crime,China,37.57,124.48,5.3,55,117008,117,Warner Bros
M1157,Sacred Labyrinth: Revolution,2007,Drama,Romance,USA,24.96,50.6,7.1,74,10516,98,Legendary Pictures
M1158,Broken Legacy: Origins,2022,Action,Crime,India,214.75,806.77,6.9,65,391477,154,Paramount
M1159,Sacred Ascension: Rebirth,2012,Fantasy,Mystery,USA,160.85,559.78,7.9,76,158228,134,20th Century Studios
M1160,Last Promise: Revolution,2011,Fantasy,Romance,China,261.01,815.24,6.8,90,235807,145,Lionsgate
M1161,Iron Echo: Part II,2016,Animation,Family,USA,121.78,286.11,6.7,30,96519,93,Universal
M1162,Eternal Horizon: Origins,2014,Action,Crime,China,300.0,1066.82,6.3,68,594943,138,MGM
M1163,Hidden Promise: Part II,2021,Animation,Family,China,201.43,560.86,7.6,81,305969,105,Lionsgate
M1164,Wild Requiem: Part II,2015,Animation,Musical,Japan,258.84,764.34,7.3,76,290554,93,20th Century Studios
M1165,Iron Mirage: Origins,2015,Fantasy,Adventure,USA,121.95,262.2,5.2,47,254264,146,20th Century Studios
M1166,Burning Horizon: Part II,2007,Comedy,Family,Canada,47.61,24.53,6.5,62,15657,106,Disney
M1167,Hidden Requiem: Origins,2005,Animation,Family,South Korea,91.69,261.37,7.0,79,196577,95,20th Century Studios
M1168,Rising Ascension: Part II,2012,Thriller,Psychological,South Korea,73.88,193.88,4.8,56,147721,108,Sony Pictures
M1169,Velvet Verdict: Origins,2024,Animation,Musical,USA,101.35,247.98,8.7,80,175728,118,Disney
M1170,Sacred Empire: Part II,2023,Animation,Family,USA,127.47,542.21,5.9,59,285112,91,Universal
M1171,Eternal Symphony: Part II,2017,Sci-Fi,Dystopian,USA,268.11,910.3,5.2,58,390767,138,A24
M1172,Eternal Labyrinth: Revolution,2017,Drama,History,South Korea,47.58,73.96,6.2,75,49066,121,MGM
M1173,Shattered Horizon: Rebirth,2012,Drama,Romance,USA,25.21,69.46,6.8,57,74884,110,A24
M1174,Whispering Ascension: Awakening,2008,Action,War,UK,190.21,449.99,7.7,82,205962,126,Paramount
M1175,Wild Kingdom: Revolution,2005,Biography,War,Canada,34.79,25.25,7.3,29,14405,102,20th Century Studios
M1176,Silent Covenant: Awakening,2011,Horror,Mystery,UK,15.44,133.63,4.2,40,114479,89,Lionsgate
M1177,Rising Ascension: Revolution,2011,Fantasy,Fairy Tale,Germany,127.28,67.05,7.0,27,36382,144,Lionsgate
M1178,Golden Mirage: Origins,2008,Horror,Mystery,UK,24.07,59.81,5.1,54,14836,108,Universal
M1179,Dark Inferno: Rebirth,2010,Horror,Mystery,UK,32.02,151.13,4.2,21,84877,76,A24
M1180,Velvet Legacy: Revolution,2005,Fantasy,Fairy Tale,USA,106.79,322.43,5.9,52,155900,133,Universal
M1181,Dark Verdict: Rebirth,2017,Biography,Drama,USA,45.26,43.62,8.1,14,25373,118,Paramount
M1182,Last Horizon: Awakening,2023,Thriller,Noir,USA,99.92,216.92,5.7,64,159237,145,Paramount
M1183,Lost Symphony: Part II,2018,Drama,Family,USA,60.55,175.08,6.7,67,103060,106,Universal
M1184,Frozen Requiem: Awakening,2013,Comedy,Romance,Canada,32.74,460.16,3.6,62,234280,110,Lionsgate
M1185,Dark Legacy: Part II,2013,Drama,Romance,Japan,13.4,14.39,5.9,61,12043,125,Lionsgate
M1186,Iron Symphony: Rebirth,2011,Animation,Musical,USA,82.79,323.16,6.6,58,239453,107,Legendary Pictures
M1187,Dark Journey: Rebirth,2007,Horror,Supernatural,India,24.37,84.95,6.8,28,39257,101,MGM
M1188,Shattered Storm: Part II,2016,Animation,Comedy,Germany,120.25,137.07,6.7,68,175437,96,Warner Bros
M1189,Burning Journey: Rebirth,2016,Fantasy,Fairy Tale,China,86.71,183.49,5.6,52,204075,156,Universal
M1190,Whispering Inferno: Revolution,2005,Biography,War,South Korea,21.89,16.77,6.3,72,10306,135,Legendary Pictures
M1191,Rising Inferno 803,2013,Drama,Romance,UK,16.54,13.42,7.3,77,8977,94,Disney
M1192,Crimson Legacy: Origins,2010,Sci-Fi,Dystopian,USA,135.56,738.73,7.1,63,338914,131,Paramount
M1193,Whispering Requiem: Awakening,2008,Action,Crime,USA,85.2,140.99,7.8,71,65039,142,MGM
M1194,Silent Covenant: Origins,2019,Action,Crime,South Korea,168.45,752.9,6.0,64,503588,110,Sony Pictures
M1195,Velvet Storm: Awakening,2015,Fantasy,Adventure,USA,47.09,115.61,7.1,76,45929,127,MGM
M1196,Iron Requiem: Awakening,2017,Horror,Supernatural,Germany,14.96,96.08,4.1,41,57285,102,Paramount
M1197,Forgotten Odyssey: Rebirth,2019,Biography,Sports,Germany,53.96,89.62,6.8,55,42482,131,Legendary Pictures
M1198,Whispering Shadow: Revolution,2024,Action,Superhero,UK,145.23,680.5,7.7,77,233297,144,Universal
M1199,Velvet Empire: Revolution,2021,Thriller,Psychological,India,66.12,89.11,7.3,70,97469,115,Warner Bros
M1200,Hidden Symphony: Origins,2017,Comedy,Crime,Japan,45.67,61.38,8.2,74,49239,105,A24
